scheme_name,government_level,state_or_ut,ministry_or_department,category,short_description,status_confidence,official_source_url,secondary_source_url,last_checked_date,age_min,age_max,gender,income_type,income_min,income_max,state_or_ut_requirement,domicile_requirement,district_requirement,social_category,occupation,employment_status,student_status,education_level,farmer_status,land_holding_requirement,disability_status,disability_percentage_min,marital_status,widow_status,bpl_status,rural_urban_requirement,minority_requirement,family_conditions,other_eligibility_conditions,benefit_type,benefit_summary,benefit_amount,application_method,official_application_url,confidence_notes
Pradhan Mantri Kisan Samman Nidhi (PM-KISAN),CENTRAL,All India,Ministry of Agriculture & Farmers Welfare,Farmers,"Income-support scheme providing periodic DBT to eligible landholding farmer families, subject to exclusion criteria.",VERIFIED,https://pmkisan.gov.in/,,2026-09-19,,,ANY,,,,,,,,Farmer,,,,true,,,,,,,,,,Landholding farmer family; exclusions include institutional landholders and specified higher-income/professional/public-office categories.,Direct Benefit Transfer,"₹6,000 per year in three equal instalments to eligible farmer families.","₹6,000 per year",Online self-registration or assisted registration through authorised channels; land and identity verification applies.,https://www.pmkisan.gov.in/RegistrationFormupdated.aspx,Current official PM-KISAN portal shows ongoing instalment activity in 2026. Exclusion criteria are detailed and should be evaluated separately.
Pradhan Mantri Fasal Bima Yojana (PMFBY),CENTRAL,All India,Ministry of Agriculture & Farmers Welfare,Insurance,Crop insurance for notified crops and areas against specified non-preventable production risks.,VERIFIED,https://pmfby.gov.in/,,2026-09-19,,,ANY,,,,,,,,Farmer,,,,true,,,,,,,,,,Cultivator of a notified crop in a notified area/season; insurable interest and season-specific cut-off/document rules apply.,Crop Insurance,Insurance cover for notified crops; farmer premium share is capped for major crop categories.,"Farmer premium: up to 2% Kharif food/oilseed, 1.5% Rabi food/oilseed, 5% annual commercial/horticultural crops",Online through National Crop Insurance Portal or through participating banks/CSCs/insurers during notified enrolment windows.,https://pmfby.gov.in/farmerRegistrationForm,Official PMFBY dashboard and farmer registration were active and updated in September 2026.
Kisan Credit Card (KCC),CENTRAL,All India,Ministry of Agriculture & Farmers Welfare / Department of Financial Services,Farmers,Revolving institutional credit facility for crop production and allied agricultural needs.,VERIFIED,https://www.myscheme.gov.in/schemes/kcc,,2026-09-19,18,75,ANY,,,,,,,,Owner cultivator|Tenant farmer|Oral lessee|Sharecropper|SHG/JLG of farmers,,,,true,,,,,,,,,,"Individual/joint owner cultivators, tenant farmers, oral lessees, sharecroppers, and eligible farmer SHGs/JLGs. Bank-specific underwriting applies.",Credit,Short-term and working-capital credit through KCC; eligible prompt-repayment borrowers may receive interest subvention as applicable.,Varies by sanctioned credit limit,Apply through participating bank/cooperative/RRB; bank appraisal and land/occupation documentation apply.,https://www.myscheme.gov.in/schemes/kcc,Current myScheme listing used. Age range reflects current scheme FAQ; senior applicants may need co-borrower/legal-heir arrangements depending on lender.
Pradhan Mantri Kisan Maan-Dhan Yojana (PM-KMY),CENTRAL,All India,Ministry of Agriculture & Farmers Welfare,Pension,Voluntary contributory pension for eligible small and marginal landholding farmers.,NEEDS_REVIEW,https://fw.pmkisan.gov.in/Documents/PMKMYFAQs.pdf,,2026-09-19,18,40,ANY,,,,,,,,Small and marginal farmer,,,,true,Cultivable landholding up to 2 hectares; name in State/UT land records as specified by scheme guidelines.,,,,,,,,,Excludes farmers covered by specified statutory social-security schemes and certain other pension schemes; additional exclusions apply.,Pension,"Minimum assured pension after age 60, with spouse family-pension provisions.","₹3,000 per month after age 60",Assisted enrolment through Common Service Centres/authorised pension enrolment channels; contributory subscription required.,https://maandhan.in/,Scheme is genuine; detailed official FAQ located is older. Current enrolment availability should be rechecked before production use.
Agriculture Infrastructure Fund (AIF),CENTRAL,All India,Ministry of Agriculture & Farmers Welfare,Agriculture,Financing facility for post-harvest management infrastructure and viable community-farming assets.,VERIFIED,https://agriinfra.dac.gov.in/,,2026-09-19,,,ANY,,,,,,,,Farmer|Agri-entrepreneur|Startup|FPO|PACS|Cooperative|SHG|JLG|APMC|Eligible public/private entity,,,,,,,,,,,,,,Project must fall within eligible post-harvest/community-farming infrastructure categories and satisfy lender viability requirements.,Interest Subvention / Credit Guarantee,Interest subvention on eligible loans plus credit-guarantee support for qualifying borrowers and projects.,3% interest subvention up to ₹2 crore for maximum 7 years; eligible credit guarantee up to ₹2 crore,Online application through AIF portal followed by lender appraisal and project verification.,https://agriinfra.dac.gov.in/,Official AIF scheme guidelines confirm current financing terms.
Pradhan Mantri Kisan Urja Suraksha evam Utthaan Mahabhiyan (PM-KUSUM),CENTRAL,All India,Ministry of New and Renewable Energy,Farmers,"Supports decentralized solar power plants, standalone solar agricultural pumps and solarisation of grid-connected pumps.",VERIFIED,https://pmkusum.mnre.gov.in/,,2026-09-19,,,ANY,,,,,,,,Farmer|Farmer group|Cooperative|Panchayat|FPO|Water User Association,,,,true,,,,,,,,,,"Eligibility depends on PM-KUSUM component, local DISCOM/SIA notification, pump capacity and technical feasibility.",Capital Subsidy / Solar Energy Support,Central financial assistance for eligible solar-pump/solarisation components; exact share varies by component and State/UT category.,Component- and State/UT-specific; central support can be up to 30% or 50% in specified categories,Apply through designated State Implementing Agency/utility portal when applications are invited.,https://pmkusum.mnre.gov.in/,"Official national portal is active; subsidy structure is component-specific, so benefit amount is intentionally not reduced to one universal figure."
Soil Health Card Scheme,CENTRAL,All India,Ministry of Agriculture & Farmers Welfare,Agriculture,Provides farmers soil-test based nutrient status and crop-specific fertilizer recommendations.,VERIFIED,https://soilhealth.dac.gov.in/,,2026-09-19,,,ANY,,,,,,,,Farmer,,,,true,,,,,,,,,,Farmer/land parcel must be covered by the soil-sampling and testing workflow of the implementing agriculture department.,Agricultural Advisory Service,Soil testing and Soil Health Card with nutrient status and recommendations.,,Soil samples are collected/tested through agriculture department network; farmers can access cards/results through the official portal.,https://soilhealth.dac.gov.in/,Official Soil Health Card portal is used. No universal cash benefit or income threshold.
Pradhan Mantri Matsya Sampada Yojana (PMMSY),CENTRAL,All India,"Department of Fisheries, Ministry of Fisheries, Animal Husbandry & Dairying",Fisheries,"Umbrella fisheries programme supporting production, infrastructure, value chains, welfare and selected beneficiary-oriented components.",NEEDS_REVIEW,https://pmmsy.dof.gov.in/pmdb/,,2026-09-19,,,ANY,,,,,,,,Fisher|Fish farmer|Fish worker|Fisheries entrepreneur|SHG/JLG|Cooperative|FPO|Eligible fisheries entity,,,,,,,,,,,,,,"Eligibility differs substantially by component; some welfare sub-components impose age, BPL, cooperative-membership or occupation conditions.",Financial Assistance / Infrastructure / Livelihood Support,"Component-specific support for fisheries and aquaculture projects, infrastructure and beneficiary welfare.",Varies by component,Apply through State/UT Fisheries Department or relevant PMMSY implementation channel for the applicable component.,https://pmmsy.dof.gov.in/pmdb/,"Official PMMSY portal remains available, but the original mission period and component-wise continuation beyond the earlier plan period need row-level revalidation."
National Livestock Mission - Entrepreneurship Development Programme,CENTRAL,All India,Department of Animal Husbandry & Dairying,Entrepreneurship,"Capital-subsidy support for eligible livestock, poultry and feed/fodder entrepreneurship projects.",VERIFIED,https://dahd.gov.in/schemes/programmes/national_livestock_mission,,2026-09-19,,,ANY,,,,,,,,Individual entrepreneur|SHG|JLG|FPO|Dairy cooperative|Section 8 company|Eligible entity,,,,,,,,,,,,,,Project must match an eligible NLM entrepreneurship activity and prescribed unit/technical norms; beneficiary must finance the balance via loan or permitted self-finance.,Capital Subsidy,"Supports eligible rural poultry, sheep/goat, piggery and feed/fodder entrepreneurship projects.",50% capital subsidy up to activity-specific ceilings,"Online application through the NLM entrepreneurship portal, followed by State Implementing Agency/lender appraisal.",https://nlm.udyamimitra.in/,Department portal was updated in July 2026 and links to current NLM application/guidelines.
PM Formalisation of Micro Food Processing Enterprises (PMFME),CENTRAL,All India,Ministry of Food Processing Industries,MSME,Credit-linked support and capacity building for micro food-processing enterprises and groups.,NEEDS_REVIEW,https://pmfme.mofpi.gov.in/,,2026-09-19,,,ANY,,,,,,,,Micro food-processing entrepreneur|SHG|FPO|Cooperative|Eligible group,,,,,,,,,,,,,,Enterprise/project must meet PMFME micro food-processing and component-specific conditions; beneficiary contribution/bank-finance requirements apply.,Credit-linked Capital Subsidy / Training,"Capital subsidy and support for eligible micro food-processing units, SHGs/FPOs/cooperatives and common infrastructure.","Individual micro enterprise: 35% of eligible project cost, up to ₹10 lakh subsidy",Apply through PMFME portal/State Nodal Agency; bank finance and project appraisal generally apply.,https://pmfme.mofpi.gov.in/,"Portal and clarifications remain active, but the original scheme period ended earlier; extension/ongoing sanction rules should be revalidated before production use."
PM-USP Central Sector Scheme of Scholarship for College and University Students (CSSS),CENTRAL,All India,"Department of Higher Education, Ministry of Education",Students,Merit-cum-means scholarship for students entering regular higher education after Class XII.,VERIFIED,https://scholarships.gov.in/All-Scholarships,,2026-09-19,,,ANY,FAMILY_ANNUAL,,800000,,,,,,,true,Undergraduate|Postgraduate,,,,,,,,,,,"Generally requires above-80th-percentile performance in relevant Class XII stream, regular course, and no concurrent scholarship/fee-reimbursement benefit; diploma courses are excluded.",Scholarship,Annual scholarship support for eligible regular college/university students; rates vary by course/year.,Varies by level/year,Online through National Scholarship Portal (NSP).,https://scholarships.gov.in/,Scheme is listed/open on NSP for academic year 2026-27; income ceiling is from official scheme guidance.
National Means-cum-Merit Scholarship Scheme (NMMSS),CENTRAL,All India,"Department of School Education & Literacy, Ministry of Education",Students,Scholarship intended to reduce Class VIII-stage dropouts and support meritorious students from lower-income families through secondary school.,VERIFIED,https://scholarships.gov.in/All-Scholarships,,2026-09-19,,,ANY,FAMILY_ANNUAL,,350000,,,,,,,true,Class IX|Class X|Class XI|Class XII,,,,,,,,,,,Student generally studies in Government/Government-aided/local-body school; selection follows State/UT exam and academic criteria. KVS/NVS and specified residential/private schools are excluded.,Scholarship,"Scholarship for selected students from Class IX, renewable through Class XII subject to conditions.","₹12,000 per year",Selection through State/UT NMMSS examination; scholarship application/renewal on NSP.,https://scholarships.gov.in/,Active in 2026-27 on NSP; current official guidelines use family income ceiling ₹3.5 lakh.
National Scholarship for Post Graduate Studies,CENTRAL,All India,"University Grants Commission, Ministry of Education",Students,Scholarship for students in the first year of a regular full-time postgraduate degree programme.,VERIFIED,https://www.ugc.gov.in/Scholarships/stu_Scholarship6,,2026-09-19,,30,ANY,,,,,,,,,,true,Postgraduate,,,,,,,,,,,Must be admitted in first year of a regular/full-time recognized PG degree; integrated-programme PG component may be covered per rules.,Scholarship,Scholarship for eligible PG students selected under UGC/NSP norms.,₹1.5 lakh per year for up to 2 years,Online through National Scholarship Portal.,https://scholarships.gov.in/,UGC scheme page and 2026-27 NSP listing used.
Ishan Uday Special Scholarship Scheme for North Eastern Region,CENTRAL,North Eastern Region,"University Grants Commission, Ministry of Education",Students,Higher-education scholarship for eligible students domiciled in the North Eastern Region.,LIKELY_ACTIVE,https://scholarships.gov.in/All-Scholarships,,2026-09-19,,,ANY,FAMILY_ANNUAL,,450000,Assam|Arunachal Pradesh|Manipur|Meghalaya|Mizoram|Nagaland|Sikkim|Tripura,true,,,,,true,Undergraduate,,,,,,,,,,,Typically requires Class XII/equivalent from a school in the NER and admission to a recognized first-degree programme; latest detailed course/rate conditions should be checked on NSP.,Scholarship,Monthly/annual scholarship support for eligible first-degree students from the North Eastern Region.,,Online through National Scholarship Portal.,https://scholarships.gov.in/,Listed on NSP for 2026-27. Income and domicile normalization reflects established scheme criteria; current benefit rates were not re-entered without a fresh official amount check.
AICTE Pragati Scholarship Scheme for Girl Students (Technical Degree/Diploma),CENTRAL,All India,"All India Council for Technical Education (AICTE), Ministry of Education",Women,Scholarship supporting girl students admitted to eligible AICTE-approved technical degree or diploma programmes.,VERIFIED,https://scholarships.gov.in/All-Scholarships,,2026-09-19,,,FEMALE,FAMILY_ANNUAL,,800000,,,,,,,true,Technical Diploma|Technical Undergraduate Degree,,,,,,,,,,"Up to the scheme-permitted number of girl beneficiaries per family, subject to current AICTE rules.",Admission in eligible AICTE-approved degree/diploma programme; current year/entry-route and family-count conditions apply.,Scholarship,Scholarship support for eligible girl students in AICTE-approved institutions.,,Online through National Scholarship Portal.,https://scholarships.gov.in/,Degree and diploma variants are open on NSP in 2026-27. Family income ceiling is supported by AICTE FAQ; current benefit amount left blank rather than relying on an older rate.
AICTE Saksham Scholarship Scheme for Specially Abled Students (Technical Degree/Diploma),CENTRAL,All India,"All India Council for Technical Education (AICTE), Ministry of Education",Disability,Scholarship for students with benchmark disability in eligible AICTE-approved technical degree or diploma programmes.,VERIFIED,https://scholarships.gov.in/All-Scholarships,,2026-09-19,,,ANY,FAMILY_ANNUAL,,800000,,,,,,,true,Technical Diploma|Technical Undergraduate Degree,,,true,40,,,,,,,Admission in an eligible AICTE-approved technical degree/diploma programme; disability proof and current-entry conditions apply.,Scholarship,Scholarship support for eligible students with benchmark disabilities in AICTE-approved programmes.,,Online through National Scholarship Portal.,https://scholarships.gov.in/,Degree and diploma variants are open on NSP in 2026-27. Current scholarship amount left blank because the retrieved AICTE FAQ containing an amount was older.
AICTE Swanath Scholarship Scheme (Technical Degree/Diploma),CENTRAL,All India,"All India Council for Technical Education (AICTE), Ministry of Education",Students,Scholarship for specified vulnerable student groups in AICTE-approved technical degree/diploma programmes.,LIKELY_ACTIVE,https://scholarships.gov.in/All-Scholarships,,2026-09-19,,,ANY,FAMILY_ANNUAL,,800000,,,,,,,true,Technical Diploma|Technical Undergraduate Degree,,,,,,,,,,,"Target groups include orphans, students whose parent(s) died due to COVID-19, and specified wards of armed forces/central paramilitary personnel martyred in action; current documentary definitions apply.",Scholarship,Scholarship support for eligible AICTE technical students in notified Swanath beneficiary groups.,,Online through National Scholarship Portal.,https://scholarships.gov.in/,"Degree/diploma Swanath variants are listed on NSP for 2026-27. Eligibility categories are stable, but detailed current benefit/ranking rules should be rechecked."
PM-USP Special Scholarship Scheme for Jammu & Kashmir and Ladakh,CENTRAL,Jammu and Kashmir|Ladakh,"Department of Higher Education, Ministry of Education / AICTE",Students,Scholarship enabling eligible J&K/Ladakh students to pursue higher education outside the UTs through the scheme's counselling process.,VERIFIED,https://www.education.gov.in/sites/upload_files/mhrd/files/upload_document/PM-USP-Guidelines.pdf,,2026-09-19,,,ANY,FAMILY_ANNUAL,,800000,Jammu and Kashmir|Ladakh,true,,,,,true,Undergraduate|Eligible lateral-entry engineering,,,,,,,,,,,"Must pass 10+2 from JKBOSE/CBSE-affiliated school located in J&K/Ladakh, or eligible 10+3 diploma for lateral engineering; admission must follow scheme process.",Scholarship,Academic fee and maintenance allowance for eligible students admitted under scheme rules.,Varies by course/category,Online registration/counselling through AICTE/PM-USP process; renewal also appears on NSP.,https://scholarships.gov.in/,2025-26 official guidelines/FAQ plus 2026-27 NSP renewal listing support current activity.
Pre-Matric Scholarship for Students with Disabilities,CENTRAL,All India,Department of Empowerment of Persons with Disabilities,Disability,Scholarship for Indian students with benchmark disabilities studying in Classes IX-X.,VERIFIED,https://depwd.gov.in/en/scholership-schemes-pre-matric/,,2026-09-19,,,ANY,FAMILY_ANNUAL,,250000,,,,,,,true,Class IX|Class X,,,true,40,,,,,,"Maximum two children with disabilities from the same parents can receive the scholarship, subject to scheme exceptions/rules.",Indian national; valid UDID and Aadhaar; cannot simultaneously receive another scholarship/stipend for the same purpose.,Scholarship,"Monthly scholarship plus book grant and disability allowance, with hosteller/day-scholar rates.","Hosteller ₹800/month or day scholar ₹500/month for 12 months; book grant ₹1,000/year; disability allowance ₹2,000–₹4,000/year",Online through National Scholarship Portal.,https://scholarships.gov.in/,Current DEPwD easy-read scheme page retrieved in September 2026.
Post-Matric Scholarship for Students with Disabilities,CENTRAL,All India,Department of Empowerment of Persons with Disabilities,Disability,Post-matric scholarship for students with benchmark disabilities from Class XI through postgraduate and eligible diploma/degree study.,VERIFIED,https://depwd.gov.in/en/scholarship-post-matric/,,2026-09-19,,,ANY,FAMILY_ANNUAL,,250000,,,,,,,true,Class XI|Class XII|Diploma|Undergraduate|Postgraduate,,,true,40,,,,,,"Maximum two children with disabilities from the same parents can receive it, subject to scheme rules.",Indian national with UDID/Aadhaar; cannot receive another post-matric scholarship/stipend for the same purpose.,Scholarship,"Fee reimbursement/allowances plus maintenance, books and disability support subject to ceilings.","Hosteller ₹1,200/month or day scholar ₹650/month for 12 months; books ₹1,500/year; disability allowance ₹2,000–₹4,000/year; fee ceilings apply",Online through National Scholarship Portal.,https://scholarships.gov.in/,Current DEPwD scheme page retrieved in September 2026.
Top Class Education Scholarship for Students with Benchmark Disabilities,CENTRAL,All India,Department of Empowerment of Persons with Disabilities,Disability,Scholarship for graduate/postgraduate/diploma study in notified top-class institutions for students with benchmark disabilities.,VERIFIED,https://depwd.gov.in/en/scholarship-top-class-fellowship/,,2026-09-19,,,ANY,FAMILY_ANNUAL,,800000,,,,,,,true,Diploma|Undergraduate|Postgraduate,,,true,40,,,,,,,"Must study in a notified institution, hold UDID and Aadhaar, and not receive another scholarship/stipend for the same purpose.",Scholarship,"Tuition/fee support, maintenance, books, computer and assistive-device assistance subject to ceilings.","Tuition/admission fee up to ₹1.90 lakh/year; hosteller ₹3,000/month or day scholar ₹1,500/month; books ₹5,000/year; computer up to ₹45,000; aids up to ₹30,000",Online through National Scholarship Portal.,https://scholarships.gov.in/,Current DEPwD page retrieved in September 2026.
"PM-YASASVI Top Class School Education for OBC, EBC and DNT Students",CENTRAL,All India,Department of Social Justice & Empowerment,OBC/EBC/DNT Welfare,Merit-based funding for OBC/EBC/DNT students studying in identified top-class schools from Classes IX-XII.,VERIFIED,https://socialjustice.gov.in/schemes/101,,2026-09-19,,,ANY,FAMILY_ANNUAL,,250000,,,,OBC|EBC|DNT,,,true,Class IX|Class X|Class XI|Class XII,,,,,,,,,,,Student must be studying in an identified Top Class School; selection is merit/slot based. At least a prescribed share of scholarships is reserved for girls.,Scholarship,"School education support in identified top-class schools, allocated through State-wise merit/slot rules.",Varies by class/school costs under current guidelines,Online through National Scholarship Portal when the scheme window is open.,https://scholarships.gov.in/,Umbrella PM-YASASVI page current June 2026; scheme listed in 2026-27 scholarship cycle.
"PM-YASASVI Top Class College Education for OBC, EBC and DNT Students",CENTRAL,All India,Department of Social Justice & Empowerment,OBC/EBC/DNT Welfare,Financial support for OBC/EBC/DNT students in notified top-class higher-education institutions.,VERIFIED,https://socialjustice.gov.in/schemes/101,,2026-09-19,,,ANY,FAMILY_ANNUAL,,250000,,,,OBC|EBC|DNT,,,true,Undergraduate|Postgraduate|Professional,,,,,,,,,,,Admission in an institution/course covered by the current notified Top Class College list; selection subject to allocated slots and scheme rules.,Scholarship,"Tuition/non-refundable charges and other admissible support in notified institutions, subject to scheme ceilings.",Varies by institution/course and current guidelines,Online through National Scholarship Portal.,https://scholarships.gov.in/,Department published implementation/slot material for 2025-26 and NSP lists the scheme in the 2026-27 cycle.
Post-Matric Scholarship for Scheduled Caste Students,CENTRAL,All India,Department of Social Justice & Empowerment,SC Welfare,Post-matric financial assistance for eligible Scheduled Caste students pursuing recognized study after matriculation.,VERIFIED,https://www.socialjustice.gov.in/writereaddata/UploadFile/PMS_for_SCs_Scheme_Guidelines.pdf,,2026-09-19,,,ANY,FAMILY_ANNUAL,,250000,,true,,SC,,,true,Post-Matric|Diploma|Undergraduate|Postgraduate|Professional,,,,,,,,,,,Indian national belonging to SC of the applicant's domicile State/UT; must have passed matriculation/higher-secondary or a higher qualifying examination.,Scholarship,Compulsory fee reimbursement and academic/maintenance allowances as prescribed by course group and State implementation.,Varies by course group and State implementation,Apply through State/UT scholarship system and/or NSP as notified.,https://scholarships.gov.in/,Eligibility and ₹2.5 lakh family-income ceiling are from official central guidelines; application flow is State/UT implemented.
Central Sector Scholarship of Top Class Education for SC Students,CENTRAL,All India,Department of Social Justice & Empowerment,SC Welfare,Supports Scheduled Caste students pursuing study beyond Class XII in notified premier institutions.,VERIFIED,https://socialjustice.gov.in/schemes/27,,2026-09-19,,,ANY,,,,,,,SC,,,true,Undergraduate|Postgraduate|Professional,,,,,,,,,,,Must be an SC student admitted to an empanelled institution and satisfy the current 2026-27 income/selection rules.,Scholarship,"Financial support for education in empanelled institutions, including admissible tuition/living/books/computer support under current guidelines.",Varies by course/institution under 2026-27 guidelines,Online through National Scholarship Portal.,https://scholarships.gov.in/,Department published explicit scheme guidelines for 2026-27 in June 2026. Numeric income threshold intentionally left blank because it was not extracted from the current guideline text in this run.
National Overseas Scholarship for SC etc. Candidates,CENTRAL,All India,Department of Social Justice & Empowerment,SC Welfare,Overseas higher-education assistance for low-income meritorious candidates from specified disadvantaged categories.,VERIFIED,https://socialjustice.gov.in/schemes/28,,2026-09-19,,,ANY,,,,,,,SC|DNT|Nomadic/Semi-Nomadic Tribes,Landless Agricultural Labourer|Traditional Artisan,,true,Masters|PhD,,,,,,,,,,,"Category, academic, age/income, course/university and prior-qualification conditions apply under 2026-27 guidelines; 30% of awards are earmarked for female candidates.",Overseas Scholarship,"Tuition, maintenance and other admissible overseas-study costs through Indian Missions, subject to current scheme guidelines.",Varies by destination/course and admissible-cost rules,Online on the National Overseas Scholarship portal during the selection window.,https://nosmsje.gov.in/,Official page explicitly publishes 2026-27 guidelines and current online application route. Numeric income/age values left blank unless rechecked from the current PDF.
National Fellowship for Scheduled Caste Students (NFSC),CENTRAL,All India,Department of Social Justice & Empowerment,SC Welfare,Fellowship for Scheduled Caste students pursuing PhD/research in recognized institutions.,VERIFIED,https://socialjustice.gov.in/schemes/29,,2026-09-19,,,ANY,,,,,,,SC,,,true,PhD,,,,,,,,,,,SC candidate pursuing eligible PhD research; current scheme requires qualification through specified UGC/CSIR NET-JRF routes and other fellowship conditions.,Research Fellowship,JRF/SRF and admissible research support for selected SC scholars.,As per current UGC fellowship rates/guidelines,Selection under Ministry/UGC process after qualifying the prescribed NET-JRF route; follow current notification.,https://socialjustice.gov.in/schemes/29,Current NFSC guidelines are active through December 2026 on the official department site.
Pre-Matric Scholarship for ST Students (Classes IX-X),CENTRAL,All India,Ministry of Tribal Affairs,ST Welfare,Pre-matric scholarship support for Scheduled Tribe students in Classes IX-X.,VERIFIED,https://tribal.nic.in/ScholarshiP.aspx,,2026-09-19,,,ANY,,,,,,,ST,,,true,Class IX|Class X,,,,,,,,,,,"Must belong to Scheduled Tribe and satisfy the current family-income, school and non-duplication conditions.",Scholarship,Scholarship/allowance support implemented through States/UTs for eligible ST students.,Varies under current guideline/State implementation,Apply through State/UT scholarship portal and/or NSP as notified.,https://scholarships.gov.in/,Ministry sanction orders show 2025-26 implementation including releases in 2026. Income ceiling intentionally left blank because it was not freshly extracted from current guidelines.
Post-Matric Scholarship for ST Students,CENTRAL,All India,Ministry of Tribal Affairs,ST Welfare,Post-matric scholarship for Scheduled Tribe students pursuing recognized studies after Class X.,VERIFIED,https://tribal.nic.in/ScholarshiP.aspx,,2026-09-19,,,ANY,,,,,,,ST,,,true,Post-Matric|Diploma|Undergraduate|Postgraduate|Professional,,,,,,,,,,,"ST status, family-income ceiling and recognized post-matric course/institution conditions apply.",Scholarship,Maintenance allowance and admissible compulsory fees under the centrally supported State/UT implementation.,Varies by course group and current guidelines,Apply through State/UT scholarship portal and/or NSP as notified.,https://scholarships.gov.in/,Ministry of Tribal Affairs continues to list the scheme. Numeric threshold left blank pending current guideline extraction.
National Fellowship and Scholarship for Higher Education of ST Students,CENTRAL,All India,Ministry of Tribal Affairs,ST Welfare,Central support for higher education of Scheduled Tribe students through scholarship and fellowship components.,VERIFIED,https://tribal.nic.in/ScholarshiP.aspx,,2026-09-19,,,ANY,,,,,,,ST,,,true,Undergraduate|Postgraduate|Professional|PhD,,,,,,,,,,,ST status plus notified institution/course or fellowship-selection conditions; income criteria apply to scholarship components as specified.,Scholarship / Fellowship,Top-class higher-education scholarship and research fellowship support under component-specific rules.,Varies by component/course,Scholarship component via NSP; fellowship component through the Ministry's designated fellowship portal/process.,https://scholarships.gov.in/,2026-27 Ministry sanction activity and 2026-27 NSP listing confirm current operation.
National Overseas Scholarship for ST Students,CENTRAL,All India,Ministry of Tribal Affairs,ST Welfare,Financial assistance for eligible Scheduled Tribe students pursuing specified higher studies abroad.,LIKELY_ACTIVE,https://tribal.nic.in/ScholarshiP.aspx,,2026-09-19,,,ANY,,,,,,,ST,,,true,Masters|PhD|Postdoctoral (as permitted by current guidelines),,,,,,,,,,,"ST status plus current age, income, academic, course/university and family-award conditions.",Overseas Scholarship,"Overseas tuition, maintenance and other admissible costs for selected ST candidates.",Varies by destination/course and current guidelines,Apply through the Ministry of Tribal Affairs overseas-scholarship process/portal when applications are invited.,https://overseas.tribal.gov.in/,Scheme remains listed by the Ministry; current-cycle numeric thresholds were not revalidated in this run.
Pradhan Mantri Matru Vandana Yojana (PMMVY),CENTRAL,All India,Ministry of Women & Child Development,Maternity,Maternity benefit scheme providing cash incentives to eligible pregnant and lactating women.,VERIFIED,https://www.spniwcd.wcd.gov.in/pradhan-mantri-matru-vandana-yojna/faqs,,2026-09-19,,,FEMALE,,,,,,,,,,,,,,,,,,,,,,"Pregnant/lactating woman must satisfy at least one notified vulnerability category, such as SC/ST, benchmark disability, BPL/NFSA/PM-JAY/e-Shram/PM-KISAN/MGNREGA-linked status, prescribed income criterion, frontline-worker category, or other notified condition.",Direct Benefit Transfer,"₹5,000 for first child in instalments; ₹6,000 for second child when the second child is a girl, subject to scheme conditions.","₹5,000 first child; ₹6,000 second child if girl",Apply through Anganwadi/health functionary or the PMMVY application system as implemented locally.,https://pmmvy.wcd.gov.in/,"Current official FAQ used. Because eligibility uses OR logic, alternative vulnerability conditions are kept in free text instead of being incorrectly treated as cumulative rules."
One Stop Centre (OSC) Scheme,CENTRAL,All India,Ministry of Women & Child Development,Women,"Integrated support for women affected by violence, including medical, legal, police facilitation, counselling and short-stay shelter.",VERIFIED,https://www.wcd.gov.in/offerings/one-stop-centre-scheme,,2026-09-19,,,FEMALE,,,,,,,,,,,,,,,,,,,,,,Woman affected by violence/abuse/trauma. Accompanying children may stay subject to centre rules; short-stay shelter limits apply.,Support Service,Free integrated crisis/support services through One Stop Centres.,Non-cash service,Approach/contact a One Stop Centre directly or through linked helplines/police/health services.,https://www.wcd.gov.in/offerings/one-stop-centre-scheme,Current WCD offering page used; no income threshold.
Palna - National Programme on Anganwadi-cum-Crèches,CENTRAL,All India,Ministry of Women & Child Development,Children,Day-care/crèche services for young children through Anganwadi-cum-Crèches and standalone crèches.,VERIFIED,https://www.spniwcd.wcd.gov.in/palna/faqs,,2026-09-19,0.5,6,ANY,,,,,,,,,,,,,,,,,,,,,"Available irrespective of whether the mother is employed, subject to local centre capacity and age rules.",Child generally 6 months to 6 years for crèche services; local operational hours/capacity rules apply.,Child Care Service,"Day care, nutrition/health support and early childhood care for eligible children.",Non-cash service,Enrol through the local Palna crèche/Anganwadi-cum-Crèche where available.,https://www.spniwcd.wcd.gov.in/palna/faqs,Official Palna FAQ states crèche services generally cover children from 6 months to 6 years and are available irrespective of the mother's work status.
Janani Suraksha Yojana (JSY),CENTRAL,All India,Ministry of Health & Family Welfare / National Health Mission,Maternity,"Safe-motherhood cash assistance promoting institutional delivery, with eligibility differing between low- and high-performing States.",VERIFIED,https://nhm.gov.in/index1.php?lang=1&level=3&sublinkid=841&lid=309,,2026-09-19,,,FEMALE,,,,,,,,,,,,,,,,,,,,,,Low Performing States cover pregnant women delivering in government facilities more broadly; High Performing States generally target BPL/SC/ST women. Accredited private-facility rules also apply.,Cash Assistance,Maternal cash assistance for eligible institutional deliveries; ASHA incentives are separate.,"Mother: typically ₹1,400 rural/₹1,000 urban in Low Performing States; ₹700 rural/₹600 urban in High Performing States for eligible categories",Access through public/accredited health facility and ASHA/ANM/NHM maternal-health workflow.,https://nhm.gov.in/index1.php?lang=1&level=3&sublinkid=841&lid=309,Eligibility is conditional on State classification; BPL/social-category conditions are therefore kept out of global deterministic fields.
Janani Shishu Suraksha Karyakram (JSSK),CENTRAL,All India,Ministry of Health & Family Welfare / National Health Mission,Healthcare,Entitles pregnant women and sick newborns/infants to specified free services in public health institutions.,VERIFIED,https://nhm.gov.in/index4.php?lang=1&level=0&linkid=150&lid=171,,2026-09-19,,,FEMALE,,,,,,,,,,,,,,,,,,,,,,Pregnant women using public health institutions; specified entitlements also cover sick newborns/infants and maternal complications according to NHM guidelines.,Free Healthcare Services,"Free delivery including C-section, drugs, diagnostics, blood, diet and transport; free care also extends to eligible sick newborns/infants.",Non-cash entitlement,Use services at participating public health institutions; no conventional online application.,https://nhm.gov.in/index4.php?lang=1&level=0&linkid=150&lid=171,NHM programme page was updated in 2026.
Pradhan Mantri Surakshit Matritva Abhiyan (PMSMA),CENTRAL,All India,Ministry of Health & Family Welfare,Maternity,"Fixed-day free antenatal care programme, especially for women in the second and third trimester.",VERIFIED,https://pmsma.mohfw.gov.in/,,2026-09-19,,,FEMALE,,,,,,,,,,,,,,,,,,,,,,"Pregnant woman, with programme emphasis on second/third trimester and identification/referral of high-risk pregnancies.",Free Healthcare Service,Comprehensive antenatal examination and risk identification at designated facilities on PMSMA days.,Non-cash service,"Attend a designated PMSMA public health facility, generally on the 9th of each month.",https://pmsma.mohfw.gov.in/,Official PMSMA dashboard/site shows current 2026 activity.
Rashtriya Bal Swasthya Karyakram (RBSK),CENTRAL,All India,Ministry of Health & Family Welfare / National Health Mission,Children,"Child health screening and early intervention for birth defects, diseases, deficiencies and developmental delays.",VERIFIED,https://nhm.gov.in/index1.php?lang=1&level=4&sublinkid=1190&lid=583,,2026-09-19,0,18,ANY,,,,,,,,,,,,,,,,,,,,,,Children from birth to 18 years are covered through different service-delivery channels; exact screening route depends on age/institution.,Screening / Treatment,"Screening, referral and free treatment/management for covered child-health conditions through public health systems.",Non-cash healthcare service,"Screening through public facilities, schools/Anganwadi outreach and District Early Intervention Centres.",https://nhm.gov.in/index1.php?lang=1&level=4&sublinkid=1190&lid=583,NHM programme is current; no household income requirement.
Ayushman Bharat - Pradhan Mantri Jan Arogya Yojana (AB PM-JAY),CENTRAL,All India,"National Health Authority, Ministry of Health & Family Welfare",Healthcare,Publicly financed hospitalization cover for eligible poor/vulnerable families identified under PM-JAY beneficiary criteria.,VERIFIED,https://nha.gov.in/PM-JAY,,2026-09-19,,,ANY,,,,,,,,,,,,,,,,,,,,,,Eligibility is primarily based on notified deprivation/occupational and automatic-inclusion categories rather than a single income ceiling; current beneficiary database rules apply.,Health Insurance / Cashless Hospitalization,Cashless secondary and tertiary hospitalization at empanelled facilities for eligible families.,Up to ₹5 lakh per family per year,Check beneficiary status and create Ayushman card through official beneficiary channels/CSC/empanelled facilities.,https://beneficiary.nha.gov.in/,Complex SECC/occupational eligibility is intentionally kept as text to avoid false deterministic simplification.
Ayushman Vay Vandana Card (PM-JAY coverage for senior citizens aged 70+),CENTRAL,All India,"National Health Authority, Ministry of Health & Family Welfare",Senior Citizens,PM-JAY health coverage expansion for all senior citizens aged 70 years or more irrespective of income.,VERIFIED,https://www.pib.gov.in/Pressreleaseshare.aspx?PRID=2053881&lang=2&reg=48,,2026-09-19,70,,ANY,,,,,,,,,,,,,,,,,,,,,,Age 70 or above is the core eligibility criterion; no income restriction.,Health Insurance / Cashless Hospitalization,PM-JAY hospitalization cover for senior citizens aged 70+; existing PM-JAY families receive the senior top-up as specified.,₹5 lakh per year on family basis for eligible 70+ senior citizens,"Enroll/create Ayushman Vay Vandana card through Ayushman App, beneficiary portal, CSC or empanelled facility.",https://beneficiary.nha.gov.in/,Official Government announcement and NHA beneficiary channel used.
Nikshay Poshan Yojana,CENTRAL,All India,"Central TB Division, Ministry of Health & Family Welfare",Healthcare,Direct nutritional-support payment to notified tuberculosis patients during treatment.,VERIFIED,https://tbcindia.mohfw.gov.in/ni-kshay-poshan-yojana/,,2026-09-19,,,ANY,,,,,,,,,,,,,,,,,,,,,,Notified TB patient receiving treatment under the national TB programme; DBT requires valid beneficiary/bank details.,Direct Benefit Transfer,Monthly nutritional support during anti-TB treatment for eligible notified TB patients.,"₹1,000 per month during treatment",TB patient is notified/registered in Ni-kshay; bank/identity details are captured for DBT.,https://nikshay.in/,"A 2025 NHM review records the increase to ₹1,000/month from November 2024; some older CTD FAQ text may still show the legacy ₹500 amount."
Pradhan Mantri National Dialysis Programme (PMNDP),CENTRAL,All India,Ministry of Health & Family Welfare / National Health Mission,Healthcare,"Dialysis services through public health facilities, with free access prioritized for poor/vulnerable patients.",VERIFIED,https://nhm.gov.in/index1.php?lang=1&level=2&sublinkid=1218&lid=192,,2026-09-19,,,ANY,,,,,,,,,,,,,,,,,,,,,,Patient requires dialysis; free-service prioritization and documentation are implemented by State/UT health systems.,Free/Subsidized Healthcare Service,Haemodialysis/peritoneal dialysis services through participating public facilities and PPP arrangements.,Free for eligible poor/BPL patients under programme norms; other arrangements vary by State,Referral/registration at participating public dialysis centre according to State NHM process.,https://nhm.gov.in/index1.php?lang=1&level=2&sublinkid=1218&lid=192,NHM page shows current programme activity; exact State-level entitlement workflow can vary.
Pradhan Mantri Bhartiya Janaushadhi Pariyojana (PMBJP),CENTRAL,All India,"Department of Pharmaceuticals, Ministry of Chemicals & Fertilizers",Healthcare,Network of Jan Aushadhi Kendras supplying quality generic medicines at affordable prices.,VERIFIED,https://janaushadhi.gov.in/about-pmbjb,,2026-09-19,,,ANY,,,,,,,,,,,,,,,,,,,,,,Open to the general public; prescription requirements apply where legally required for a medicine.,Affordable Medicines,Access to lower-priced quality generic medicines through Jan Aushadhi Kendras.,Price savings vary by medicine,No beneficiary registration required; purchase medicines from a Jan Aushadhi Kendra.,https://janaushadhi.gov.in/,"Official portal reports more than 19,000 Kendras by March 2026."
Pradhan Mantri Jeevan Jyoti Bima Yojana (PMJJBY),CENTRAL,All India,"Department of Financial Services, Ministry of Finance",Insurance,Renewable one-year life insurance linked to a participating bank/post-office account.,VERIFIED,https://financialservices.gov.in/pradhan-mantri-jeevan-jyoti-bima-yojana-pmjjby,,2026-09-19,18,50,ANY,,,,,,,,,,,,,,,,,,,,,,Must hold an eligible individual bank/post-office account and consent to auto-debit; one cover per person.,Life Insurance,"Life cover for death due to any reason, subject to policy terms and lien rules for new enrolment.",₹2 lakh death cover; annual premium ₹436,Enroll through participating bank/post office and authorize auto-debit.,https://financialservices.gov.in/pmjjby,Current Department of Financial Services page used.
Pradhan Mantri Suraksha Bima Yojana (PMSBY),CENTRAL,All India,"Department of Financial Services, Ministry of Finance",Insurance,Renewable personal accident insurance linked to a participating bank/post-office account.,VERIFIED,https://financialservices.gov.in/pmsby,,2026-09-19,18,70,ANY,,,,,,,,,,,,,,,,,,,,,,Must hold an eligible individual bank/post-office account; one cover per person even if multiple accounts exist.,Accident Insurance,Accidental death/total disability and partial-disability cover.,₹2 lakh death/permanent total disability; ₹1 lakh partial disability; annual premium ₹20,Enroll through participating bank/post office and authorize auto-debit.,https://financialservices.gov.in/pmsby,Current DFS page updated December 2025 and live in 2026.
Atal Pension Yojana (APY),CENTRAL,All India,Pension Fund Regulatory and Development Authority / Department of Financial Services,Pension,Voluntary defined-pension scheme for eligible citizens joining before age 40.,VERIFIED,https://pfrda.org.in/web/pfrda/schemes/atal-pension-yojana-apy,,2026-09-19,18,40,ANY,,,,,,,,,,,,,,,,,,,,,,Must have savings bank/post-office account. A person who is or has been an income-tax payer as on application date cannot open a new APY account (rule effective 1 Oct 2022).,Contributory Pension,"Chosen guaranteed pension slab payable after age 60, backed by subscriber contributions under APY rules.","₹1,000 to ₹5,000 per month after age 60 depending on chosen contribution/pension slab",Open APY account through bank/post office or available digital enrolment channel.,https://pfrda.org.in/web/pfrda/schemes/atal-pension-yojana-apy,Current PFRDA FAQ used.
Pradhan Mantri Shram Yogi Maan-dhan (PM-SYM),CENTRAL,All India,Ministry of Labour & Employment,Pension,Voluntary contributory pension for low-income unorganised workers.,VERIFIED,https://labour.gov.in/FAQ-0,,2026-09-19,18,40,ANY,INDIVIDUAL_MONTHLY,,15000,,,,,Unorganised worker,Unorganised,,,,,,,,,,,,,Not covered under specified statutory social-security schemes such as NPS/ESIC/EPFO and not an income-tax payer.,Contributory Pension,"Minimum assured monthly pension after age 60, with matching Central Government contribution under the scheme.","₹3,000 per month after age 60",Enroll through CSC/authorised Maandhan channel with bank/Aadhaar details and contributory payment.,https://maandhan.in/,Official Labour Ministry FAQ used.
National Pension Scheme for Traders and Self Employed Persons (NPS-Traders / PM-LVM),CENTRAL,All India,Ministry of Labour & Employment,Pension,"Voluntary contributory pension for eligible small traders, shopkeepers and self-employed persons.",VERIFIED,https://dge.gov.in/schemes_programmes,,2026-09-19,18,40,ANY,ANNUAL_TURNOVER,,15000000,,,,,Retail trader|Shopkeeper|Self-employed person,Self-employed,,,,,,,,,,,,,Not an income-tax payer and not covered by specified EPFO/ESIC/NPS Government or PM-SYM exclusions.,Contributory Pension,"Assured pension after age 60 with matching Central Government contribution, subject to scheme contribution schedule.","₹3,000 per month after age 60","Enroll through CSC/Maandhan enrolment channel with identity, bank and business details.",https://maandhan.in/,Current government scheme listing used; turnover ceiling is ₹1.5 crore annually.
Indira Gandhi National Old Age Pension Scheme (IGNOAPS),CENTRAL,All India,Ministry of Rural Development - National Social Assistance Programme,Senior Citizens,"Central social pension assistance for older persons in BPL households, implemented through States/UTs.",VERIFIED,https://nsap.nic.in/,,2026-09-19,60,,ANY,,,,,,,,,,,,,,,,,,true,,,,Belong to a household recognized as below poverty line under NSAP/State implementation rules.,Social Pension,"Central pension assistance, commonly supplemented by State/UT contributions.",Central share ₹200/month age 60-79; ₹500/month age 80+,"Apply through State/UT social-welfare/pension portal, Gram Panchayat/municipal or designated local office.",https://nsap.nic.in/,Current NSAP programme evidence and 2025 official government summary used; State top-ups vary.
Indira Gandhi National Widow Pension Scheme (IGNWPS),CENTRAL,All India,Ministry of Rural Development - National Social Assistance Programme,Widows,Central social pension assistance for widows in BPL households.,VERIFIED,https://nsap.nic.in/,,2026-09-19,40,79,FEMALE,,,,,,,,,,,,,,,,WIDOWED,true,true,,,,Widow in a BPL household; after age 80 the higher NSAP pension rate applies.,Social Pension,"Central pension assistance for eligible widows, with State/UT top-ups in many jurisdictions.",Central share ₹300/month age 40-79; ₹500/month from age 80,Apply through State/UT social-welfare/pension portal or designated local authority.,https://nsap.nic.in/,Central assistance rates based on current official government NSAP summary; State additions differ.
Indira Gandhi National Disability Pension Scheme (IGNDPS),CENTRAL,All India,Ministry of Rural Development - National Social Assistance Programme,Disability,Central social pension assistance for persons with severe disability in BPL households.,VERIFIED,https://nsap.nic.in/,,2026-09-19,18,79,ANY,,,,,,,,,,,,,,true,80,,,true,,,,BPL household and disability meeting NSAP's severe-disability criterion; State implementation may require disability certificate/UDID.,Social Pension,"Central pension assistance for eligible persons with severe/multiple disability, often supplemented by States/UTs.",Central share ₹300/month age 18-79; ₹500/month from age 80,Apply through State/UT social-welfare/pension portal or designated local authority.,https://nsap.nic.in/,Central criteria/rates normalized from current official NSAP summary; State top-ups and operational rules vary.
National Family Benefit Scheme (NFBS),CENTRAL,All India,Ministry of Rural Development - National Social Assistance Programme,Financial Assistance,One-time assistance to a BPL household after death of the primary breadwinner.,VERIFIED,https://nsap.nic.in/,,2026-09-19,,,ANY,,,,,,,,,,,,,,,,,,true,,,Death of the household's primary breadwinner; deceased breadwinner generally must have been age 18-59 under NSAP rules.,Household must qualify under BPL/NSAP criteria; State/UT verification applies.,One-time Financial Assistance,Lump-sum central assistance to the eligible household following death of its primary breadwinner.,"₹20,000 one-time",Apply through State/UT NSAP/social-welfare/local-body process with death and household documentation.,https://nsap.nic.in/,Current official NSAP summary used.
Annapurna Scheme (NSAP),CENTRAL,All India,Ministry of Rural Development - National Social Assistance Programme,Food Security,Food-grain support for indigent senior citizens who are eligible for old-age pension but are not receiving it.,LIKELY_ACTIVE,https://nsap.nic.in/,,2026-09-19,65,,ANY,,,,,,,,,,,,,,,,,,true,,,Intended for destitute/eligible senior citizens who remain uncovered by the old-age pension benefit.,Operational targeting can vary by State/UT; verify local availability and beneficiary list.,Food Assistance,Food grains for eligible senior citizens not receiving the old-age pension benefit.,10 kg food grains per month,Identification/application through State/UT NSAP and local administration.,https://nsap.nic.in/,"Scheme remains part of NSAP references, but field-level availability should be checked State-wise."
Rashtriya Vayoshri Yojana (RVY),CENTRAL,All India,Department of Social Justice & Empowerment,Senior Citizens,Provides assisted-living devices and physical aids to eligible senior citizens with age-related disabilities/infirmities.,LIKELY_ACTIVE,https://socialjustice.gov.in/,,2026-09-19,60,,ANY,INDIVIDUAL_MONTHLY,,15000,,,,,,,,,,,true,,,,,,,,Senior citizen with age-related disability/infirmity and prescribed income/economic-status criteria; device need must be assessed.,Assistive Devices,Free eligible assisted-living devices/aids based on assessed functional need.,In-kind devices; value depends on prescribed device,Beneficiaries are identified/assessed through camps and implementing agencies such as ALIMCO/local administration.,https://socialjustice.gov.in/,"Current/recent official programme evidence supports operation, but exact local camp/application availability varies."
Assistance to Disabled Persons for Purchase/Fitting of Aids and Appliances (ADIP),CENTRAL,All India,Department of Empowerment of Persons with Disabilities,Disability,Financial assistance for prescribed assistive devices and appliances for persons with benchmark disabilities.,NEEDS_REVIEW,https://depwd.gov.in/en/adip-scheme/,,2026-09-19,,,ANY,INDIVIDUAL_MONTHLY,,30000,,,,,,,,,,,true,40,,,,,,,Indian citizen with UDID/UDID-enrolment and benchmark disability; repeat-assistance/device replacement intervals and technical assessment apply.,Assistive Devices / Subsidy,"Full or partial assistance for eligible aids/appliances, subject to income and device ceilings.","100% assistance up to ₹22,500 monthly income; 50% assistance for ₹22,501-₹30,000 monthly income, subject to device ceilings",Apply through authorized implementing agency/ALIMCO camp/ADIP process with UDID/disability and income documentation.,https://depwd.gov.in/en/adip-scheme/,"DEPwD page is current, but a continuation reference located in this run mentioned approval only up to 31 March 2026; post-March-2026 extension should be confirmed."
PM-DAKSH (Pradhan Mantri Dakshta Aur Kushalta Sampann Hitgrahi),CENTRAL,All India,Department of Social Justice & Empowerment,Skill Development,Free skill development/upskilling programme for notified disadvantaged target groups.,VERIFIED,https://socialjustice.gov.in/schemes/100,,2026-09-19,18,45,ANY,,,,,,,SC|OBC|EWS|DNT|Safai Karamchari/Dependent|Waste Picker|Transgender (as notified),,Unemployed|Underemployed|Self-employed,,,,,,,,,,,,,OBC/EWS candidates generally face income criteria; SC/DNT/safai-karamchari categories have different rules. Course-specific education/skill prerequisites may apply.,Free Training / Stipend,"Free short-term/upskilling/entrepreneurship training, with admissible trainee stipend for eligible groups.","Stipend varies by target group/course; current myScheme examples include ₹1,000-₹1,500/month for specified non-residential categories",Online/assisted registration through PM-DAKSH portal/implementing training partners.,https://pmdaksh.dosje.gov.in/,"Official Social Justice page updated June 2026; age range is scheme-wide, while income rules vary by target group and are not collapsed into one field."
Prime Minister's Employment Generation Programme (PMEGP),CENTRAL,All India,"Ministry of Micro, Small & Medium Enterprises / KVIC",Self-Employment,Credit-linked subsidy programme supporting establishment of new micro enterprises in non-farm activities.,VERIFIED,https://my.msme.gov.in/MyMsme/Reg/COM_PMEGPForm.aspx,,2026-09-19,18,,ANY,,,,,,,,,Self-employed / Aspiring entrepreneur,,,,,,,,,,,,,"Only new projects are eligible; education requirement applies above specified project-cost thresholds. SHGs, societies, production cooperatives and charitable trusts may also qualify.",Credit-linked Subsidy,Margin-money subsidy linked to bank-financed new micro-enterprise projects; subsidy rate depends on category and location.,"Varies by beneficiary category, rural/urban location and eligible project cost","Online PMEGP application followed by scrutiny, training where applicable and bank appraisal.",https://www.kviconline.gov.in/pmegpeportal/pmegponlineapp/index.jsp,MSME current portal lists PMEGP. Project-cost ceilings and subsidy rates are intentionally not hard-coded because current revisions should be checked at application time.
Pradhan Mantri MUDRA Yojana (PMMY),CENTRAL,All India,"Department of Financial Services, Ministry of Finance",MSME,"Collateral-free institutional credit for eligible micro enterprises, including allied agricultural activities.",VERIFIED,https://financialservices.gov.in/pradhan-mantri-mudra-yojana-pmmy,,2026-09-19,,,ANY,,,,,,,,Micro entrepreneur|Self-employed,Self-employed,,,,,,,,,,,,,Income-generating micro-enterprise in eligible non-corporate/non-farm or allied-agriculture activity; lender credit appraisal applies. Tarun Plus requires successful prior Tarun repayment.,Business Loan,"MUDRA loans under Shishu, Kishore, Tarun and Tarun Plus categories through member lending institutions.","Shishu up to ₹50,000; Kishore >₹50,000-₹5 lakh; Tarun >₹5-₹10 lakh; Tarun Plus >₹10-₹20 lakh for qualifying repeat borrowers",Apply to participating bank/NBFC/MFI or eligible digital lending channel with business proposal/documents.,https://www.mudra.org.in/,Current DFS scheme page includes Tarun Plus introduced from October 2024.
Stand-Up India,CENTRAL,All India,"Department of Financial Services, Ministry of Finance",Entrepreneurship,Bank loans for greenfield enterprises promoted by Scheduled Caste/Scheduled Tribe and/or women entrepreneurs.,VERIFIED,https://financialservices.gov.in/stand-india-scheme-supi,,2026-09-19,18,,ANY,,,,,,,,Entrepreneur,Self-employed / Aspiring entrepreneur,,,,,,,,,,,,,"Applicant must be either SC/ST or a woman entrepreneur. For non-individual enterprises, at least 51% shareholding and controlling stake should be held by eligible SC/ST and/or woman entrepreneur; project must be greenfield in the beneficiary's case.",Business Loan,"Composite bank loan for eligible greenfield manufacturing, services, trading or allied-agriculture enterprise.",₹10 lakh to ₹1 crore,Apply through Stand-Up Mitra/bank branch; handholding and lender appraisal apply.,https://www.standupmitra.in/,"Official DFS scheme page used. SC/ST versus woman eligibility is an OR condition, so it is not emitted as a simple cumulative rule."
PM Vishwakarma,CENTRAL,All India,"Ministry of Micro, Small & Medium Enterprises",Self-Employment,End-to-end support for artisans/craftspeople in 18 notified traditional trades.,VERIFIED,https://champions.gov.in/Ministry-of-MSME/skills%2Cloan%2Ccredit_guarantee%2CPM-atmnirbhar-Economic-Package%2Celigibility_criteria%2Cguidelines_Schemes/query_questions_FAQs.htm,,2026-09-19,18,,ANY,,,,,,,,Artisan/craftsperson in one of 18 notified traditional trades,Self-employed,,,,,,,,,,,,"Only one member per family (husband, wife and unmarried children) can receive scheme registration/benefits.",Must be working with hands/tools in a notified family-based traditional trade in unorganised sector on self-employment basis; government employees and their family are excluded; restrictions apply for recent similar government self-employment loans.,Training / Toolkit / Credit / Marketing Support,"Recognition, skill training with stipend, toolkit incentive, concessional collateral-free enterprise loans and marketing/digital support.","Toolkit up to ₹15,000; enterprise loans up to ₹1 lakh + ₹2 lakh at 5% interest; training stipend ₹500/day plus ₹1,000 transport allowance",Register through Common Service Centre on PM Vishwakarma portal; three-step verification applies.,https://pmvishwakarma.gov.in/,"MSME FAQ confirms age, family restriction, benefits and scheme tenure through FY 2027-28."
PM Street Vendor's AtmaNirbhar Nidhi (PM SVANidhi),CENTRAL,All India,Ministry of Housing & Urban Affairs / Department of Financial Services,Self-Employment,Collateral-free working-capital credit and digital-finance support for street vendors.,VERIFIED,https://pmsvanidhi.mohua.gov.in/,,2026-09-19,,,ANY,,,,,,,,Street vendor|Hawker,Self-employed,,,,,,,,,,URBAN/PERI-URBAN/CENSUS-TOWN AS NOTIFIED,,,Must qualify as a street vendor under scheme/ULB identification rules. Coverage is being expanded beyond statutory towns to census towns and peri-urban areas under the restructured scheme.,Working Capital Loan / Interest Subsidy,"Progressive collateral-free working-capital loans, interest subsidy, digital cashback and credit-card support for eligible vendors.","Loan tranches up to ₹15,000, ₹25,000 and ₹50,000; eligible UPI-linked RuPay credit card up to ₹30,000",Apply through PM SVANidhi portal/ULB/participating lender/CSC; vendor identification/verification applies.,https://pmsvanidhi.mohua.gov.in/,Restructured scheme is officially extended to 31 March 2030; 2026 official releases confirm active lending.
Deen Dayal Upadhyaya Grameen Kaushalya Yojana (DDU-GKY 2.0),CENTRAL,All India,Ministry of Rural Development,Skill Development,Placement-linked skill training for poor rural youth.,VERIFIED,https://www.kaushal.rural.gov.in/,,2026-09-19,15,,ANY,,,,,,,,,Unemployed / Underemployed,,,,,,,,,,RURAL,,Target household must meet rural-poor identification criteria such as PIP/BPL or specified proxy categories.,Base target is poor rural youth age 15-35; upper age can extend to 45 for women and specified vulnerable groups. Candidate must reach age 18 by training completion.,Free Skill Training / Placement Support,Market-linked residential/non-residential skill training with placement and post-placement support under approved projects.,Training/support funded under programme norms,Register as candidate on the unified Rural Skills platform or through local DDU-GKY mobilisation/training partners.,https://www.kaushal.rural.gov.in/,"Unified portal shows active DDU-GKY 2.0 activity in August-September 2026. Base target is 15-35, but upper age extends to 45 for specified groups, so no single hard age_max is encoded."
Rural Self Employment Training Institutes (RSETI 2.0),CENTRAL,All India,Ministry of Rural Development,Self-Employment,Free entrepreneurship and self-employment training through bank-sponsored RSETIs for rural youth.,VERIFIED,https://www.kaushal.rural.gov.in/,,2026-09-19,18,45,ANY,,,,,,,,,Unemployed / Aspiring self-employed,,,,,,,,,,RURAL,,,Programme targets rural youth. General age is 18-45; RSETI 2.0 permits selective flexibility up to 50 for certain traditional-skill programmes.,Free Training / Entrepreneurship Support,Short-duration entrepreneurship and vocation training with handholding for self-employment/credit linkage.,Non-cash training/support,Register through local RSETI or unified Rural Skills portal when candidate registration is available.,https://www.kaushal.rural.gov.in/,Current Rural Skills portal shows RSETI 2.0 reviews/events in 2026 and 647 training centres.
National Career Service (NCS),CENTRAL,All India,Ministry of Labour & Employment,Employment,"Free national employment and career-services platform connecting jobseekers, employers, counsellors and training resources.",VERIFIED,https://www.ncs.gov.in/,,2026-09-19,14,,ANY,,,,,,,,,,,,,,,,,,,,,,"Jobseeker registration is broadly open; specific vacancies impose their own age, education, skill and experience criteria.",Employment Service,"Job search, job matching, career information/counselling and job-fair services.",Free service,Register online as a jobseeker or use NCS centres/helpline.,https://www.ncs.gov.in/,Official NCS portal is active; NCS itself has broad eligibility while each job opportunity has separate rules.
National Apprenticeship Training Scheme (NATS 2.0),CENTRAL,All India,"Department of Higher Education, Ministry of Education",Skill Development,"Apprenticeship training for graduate, diploma and vocational qualification holders to gain industry experience.",LIKELY_ACTIVE,https://nats.education.gov.in/,,2026-09-19,,,ANY,,,,,,,,,Fresher / Apprentice,true,Graduate|Diploma|Vocational Certificate,,,,,,,,,,,"Applicant must hold an eligible graduate/diploma/vocational qualification and satisfy vacancy-specific discipline, passing-year and prior-experience conditions.",Apprenticeship / Stipend,6-12 month practical on-the-job training with stipend under participating establishments.,Stipend varies by apprenticeship category/establishment and statutory rates,Register on NATS 2.0 and apply against advertised apprenticeship opportunities.,https://nats.education.gov.in/,Official Board of Apprenticeship Training page confirms NATS 2.0 use by recent graduates/diploma holders; exact eligibility varies by advertisement.
Pradhan Mantri Kaushal Vikas Yojana 4.0 (PMKVY 4.0),CENTRAL,All India,Ministry of Skill Development & Entrepreneurship,Skill Development,"National skill-certification programme covering short-term training, special projects and recognition of prior learning.",VERIFIED,https://www.msde.gov.in/static/uploads/2025/09/20d9aac4ce972a765e83f28682536ee0.pdf,,2026-09-19,15,,ANY,,,,,,,,,Unemployed / Out-of-education / Seeking skilling,,,,,,,,,,,,,Short-term training/special-project candidates are generally Indian nationals age 15-45 with valid Aadhaar and job-role prerequisites; RPL has separate 18-59 range and prior-experience requirement.,Free Skill Training / Certification,"Government-funded skilling, assessment and certification through Skill India Digital and approved training providers.",Non-cash training/certification; programme funds training costs under norms,Register through Skill India Digital/approved training provider for available job roles.,https://www.skillindiadigital.gov.in/,"Current official PMKVY 4.0 guidelines define 15-45 for STT/Special Projects and 18-59 for RPL; because the row covers all components, only the broad minimum is structured and component-specific upper ages remain in notes."
FutureSkills PRIME Incentive Program,CENTRAL,All India,Ministry of Electronics & Information Technology (MeitY) / NASSCOM,Skill Development,Incentive support for eligible learners completing approved FutureSkills PRIME digital-skilling courses.,VERIFIED,https://www.myscheme.gov.in/schemes/fspip,,2026-09-19,,,ANY,,,,,,,,,,,,,,,,,,,,,,"Open to Indian citizens subject to course/payment/completion and incentive-component rules; no general age, education or income ceiling on the myScheme listing.",Training Incentive / Reimbursement,"Incentives/reimbursements for eligible paid courses, assessments and deep-skilling pathways on FutureSkills PRIME.","Overall incentive up to ₹12,000; component ceilings apply (e.g. deep skilling up to ₹8,000, bridge/foundation up to ₹3,000, assessment up to ₹600)","Enroll and complete eligible courses/assessments on FutureSkills PRIME, then follow incentive claim workflow.",https://www.futureskillsprime.in/,Current myScheme listing used.
Deendayal Antyodaya Yojana - National Rural Livelihoods Mission (DAY-NRLM),CENTRAL,All India,Ministry of Rural Development,Livelihood,"Organises rural poor women into self-help groups and supports credit linkage, livelihoods and community institutions.",VERIFIED,https://nrlm.gov.in/,,2026-09-19,,,FEMALE,,,,,,,,,,,,,,,,,,,RURAL,,At least one adult woman from an identified rural poor household is typically mobilised into an SHG.,Target households are identified using participatory/poverty-vulnerability processes and State NRLM implementation rules.,SHG / Livelihood / Credit Linkage Support,"SHG formation, bank linkage, revolving/community funds, livelihood and institution-building support under programme norms.",Varies by SHG/community investment and State implementation,"Mobilisation/enrolment through State Rural Livelihood Missions, village organisations and local community institutions.",https://nrlm.gov.in/,Current NRLM MIS is active; this is community-program eligibility rather than a simple individual online application.
National Apprenticeship Promotion Scheme 2.0 (NAPS-2),CENTRAL,All India,Ministry of Skill Development & Entrepreneurship,Skill Development,Promotes apprenticeship by providing government support toward apprentice stipend and encouraging establishments to engage apprentices.,LIKELY_ACTIVE,https://www.apprenticeshipindia.gov.in/,,2026-09-19,,,ANY,,,,,,,,,Apprentice / Seeking apprenticeship,,,,,,,,,,,,,"Eligibility depends on trade/category, minimum age, education/skill qualification and Apprentices Act rules for the advertised apprenticeship.",Apprenticeship / Stipend Support,On-the-job apprenticeship with partial government stipend support under NAPS-2 and statutory apprenticeship rules.,Stipend depends on apprenticeship category and prescribed rates,Register and apply through Apprenticeship India/Skill India systems to eligible apprenticeship opportunities.,https://www.apprenticeshipindia.gov.in/,MSDE annual reporting confirms NAPS-2 from April 2022 with DBT stipend support; exact candidate rules are trade-specific.
PM VIKAS (Pradhan Mantri Virasat Ka Samvardhan),CENTRAL,All India,Ministry of Minority Affairs,Minority Welfare,"Integrated skilling, entrepreneurship, education and leadership support for notified minority communities and limited EWS participation.",VERIFIED,https://pmvikas.minorityaffairs.gov.in/page/eligibility-criteria-for-beneficiaries,,2026-09-19,14,45,ANY,,,,,,,,,,,,,,,,,,,,,,"Primary target is Indian nationals from notified minority communities (Muslim, Christian, Sikh, Buddhist, Jain and Parsi), preferably EWS. Training/education components generally target age 14-45; entrepreneurship/leadership components generally 18-45. Limited non-minority EWS seats may be permitted.",Skill Development / Entrepreneurship / Education Support,"Component-specific skilling, entrepreneurship, education and leadership development support.",Varies by component,Register/apply through PM VIKAS implementation/training channels when batches/programmes are announced.,https://pmvikas.minorityaffairs.gov.in/,Official PM VIKAS eligibility page used. Minority-community status is not encoded as a mandatory boolean because current rules allow limited non-minority EWS participation.
Pradhan Mantri Awaas Yojana - Gramin (PMAY-G),CENTRAL,All India,Ministry of Rural Development,Housing,"Housing assistance for eligible rural households lacking adequate pucca housing, identified through deprivation/exclusion and survey/Gram Sabha processes.",VERIFIED,https://pmayg.nic.in/,,2026-09-19,,,ANY,,,,,,,,,,,,,,,,,,,RURAL,,Household should lack adequate pucca housing and pass current exclusion/deprivation criteria.,"Eligibility is survey/list based, with automatic exclusion/deprivation filters and Gram Sabha verification; not well represented by one income threshold.",Housing Assistance,Financial assistance and convergence support for construction of a pucca rural house with basic amenities.,Assistance varies by area/category and convergence benefits,Beneficiaries are identified/verified through official rural housing survey/SECC/Awaas+ and Gram Sabha processes; implementation via State/UT PMAY-G.,https://pmayg.nic.in/,Government approved continuation for FY 2024-25 to 2028-29; current PMAY-G portal used.
Pradhan Mantri Awas Yojana - Urban 2.0 (PMAY-U 2.0),CENTRAL,All India,Ministry of Housing & Urban Affairs,Housing,Affordable urban housing support for eligible EWS/LIG/MIG families without a pucca house.,VERIFIED,https://pmay-urban.gov.in/uploads/guidelines/Operational-Guidelines-of-PMAY-U-2.pdf,,2026-09-19,,,ANY,HOUSEHOLD_ANNUAL,,900000,,,,,,,,,,,,,,,,URBAN,,Family must not own a pucca house anywhere in India and must not have received a house under a Central/State/UT/local housing scheme in the previous 20 years.,"Urban EWS/LIG/MIG household. Income bands: EWS up to ₹3 lakh, LIG >₹3-6 lakh, MIG >₹6-9 lakh; States/UTs may redefine EWS income with Ministry concurrence.",Housing Assistance / Interest Subsidy,"Support through BLC, AHP, affordable rental housing and interest-subsidy verticals, depending on beneficiary category.",Vertical-specific; interest subsidy under ISS up to the scheme ceiling,Apply online through PMAY-U 2.0 portal/ULB or participating lending institution depending on vertical.,https://pmaymis.gov.in/PMAYMIS2_2024/PmayDefault.aspx,Current PMAY-U 2.0 operational guidelines used.
Pradhan Mantri Ujjwala Yojana 2.0 (PMUY),CENTRAL,All India,Ministry of Petroleum & Natural Gas,Women,Security-deposit-free LPG connection for an adult woman from an eligible poor household without an existing household LPG connection.,VERIFIED,https://www.pmuy.gov.in/ujjwala2.html,,2026-09-19,18,,FEMALE,,,,,,,,,,,,,,,,,,,,,No LPG connection from any OMC should exist in the same household.,Adult woman must belong to a poor household based on prescribed deprivation declaration/category documentation.,LPG Connection / In-kind Support,Security-deposit-free LPG connection with prescribed connection equipment; current PMUY FAQ also lists free first refill(s) and two-burner stove.,In-kind connection package,"Apply online or submit application to an LPG distributor of choice with KYC, family-composition and deprivation documents.",https://www.pmuy.gov.in/ujjwala2.html,Official PMUY portal and FAQ are current in 2026.
PM Surya Ghar: Muft Bijli Yojana,CENTRAL,All India,Ministry of New and Renewable Energy,Financial Assistance,Residential rooftop-solar subsidy programme for eligible households with suitable roof and electricity connection.,VERIFIED,https://pmsuryaghar.gov.in/,,2026-09-19,,,ANY,,,,,,,,,,,,,,,,,,,,,Applicant/household should own the residential house/roof used for installation.,Indian citizen with suitable rooftop and valid electricity connection; household should not have already availed another rooftop-solar subsidy for the same installation.,Capital Subsidy / Rooftop Solar,"Central financial assistance for residential rooftop solar systems, credited after installation/verification under portal workflow.","₹30,000 for 1 kW; ₹60,000 for 2 kW; ₹78,000 for 3 kW or more under standard subsidy structure","Register on National Portal, apply with electricity-connection details, select vendor, install, inspect and claim subsidy.",https://pmsuryaghar.gov.in/,Official national portal/current Government programme terms used.
Swachh Bharat Mission - Grameen Phase II (Individual Household Latrine incentive),CENTRAL,All India,"Department of Drinking Water & Sanitation, Ministry of Jal Shakti",Sanitation,Rural sanitation programme including incentive for new eligible households to construct individual household latrines.,VERIFIED,https://swachhbharatmission.ddws.gov.in/faq,,2026-09-19,,,ANY,,,,,,,,,,,,,,,,,,,RURAL,,,"New eligible rural households include BPL households and specified APL vulnerable categories such as SC/ST, small/marginal farmers, landless labourers with homestead, households with a person with disability, and women-headed households.",Sanitation Incentive,Incentive support for construction/use of eligible individual household latrines under SBM-G norms.,"₹12,000 per eligible household for IHHL",Apply/verify through Gram Panchayat/block/district sanitation system or State SBM-G process.,https://swachhbharatmission.ddws.gov.in/,"Because eligibility is BPL OR one of several APL vulnerability categories, no single bpl_status rule is emitted."
Pradhan Mantri Garib Kalyan Anna Yojana / Free Food Grains under NFSA,CENTRAL,All India,Department of Food & Public Distribution,Food Security,"Free food-grain entitlement for beneficiaries covered under the National Food Security Act, continued for five years from January 2024.",VERIFIED,https://dfpd.gov.in/allocation-of-food-grains/en,,2026-09-19,,,ANY,,,,,,,,,,,,,,,,,,,,,Household/person must be included as an NFSA AAY or PHH beneficiary by the competent State/UT authority.,NFSA identification criteria and beneficiary ceilings are State/UT administered; not reducible to a single national income rule.,Food Assistance,Free food grains for Antyodaya Anna Yojana and Priority Household beneficiaries identified by States/UTs under NFSA.,AAY: 35 kg/household/month; PHH: 5 kg/person/month,Benefit delivered through ration card/Fair Price Shop system; inclusion and ration-card application handled by State/UT food departments.,https://nfsa.gov.in/,Official DFPD allocation page confirms continuation of free grains for five years from 1 January 2024.
Jal Jeevan Mission (JJM),CENTRAL,All India,"Department of Drinking Water & Sanitation, Ministry of Jal Shakti",Rural Development,Mission to provide functional household tap connections and reliable drinking-water service to rural households.,VERIFIED,https://jaljeevanmission.gov.in/,,2026-09-19,,,ANY,,,,,,,,,,,,,,,,,,,RURAL,,Rural household not yet adequately covered by the local piped-water scheme is prioritized according to implementation planning.,Service availability depends on village scheme completion and State/UT implementation; not an individual cash-benefit application.,Public Service / Drinking Water Connection,Functional household tap-water service through village water-supply systems and community management.,Non-cash public service,Coverage is planned/implemented through State/UT PHE/Rural Water Supply departments and Gram Panchayat/VWSC mechanisms.,https://jaljeevanmission.gov.in/,JJM site publishes 2026 guidelines/mission material.
SVAMITVA Scheme,CENTRAL,All India,Ministry of Panchayati Raj,Rural Development,Drone-survey and property-card programme for property holders in rural inhabited ('abadi') areas.,VERIFIED,https://svamitva.nic.in/,,2026-09-19,,,ANY,,,,,,,,,,,,,,,,,,,RURAL,,,Property must lie in a village/abadi area covered by the SVAMITVA survey programme; ownership/claim verification follows State revenue process.,Property Record / Public Service,Survey-based rural property records/property cards intended to improve ownership clarity and access to formal services/credit.,Non-cash public service,Village-level implementation through State revenue/Panchayati Raj departments; property holders participate in survey/claim/objection process.,https://svamitva.nic.in/,Official SVAMITVA portal and Ministry of Panchayati Raj programme page used.
Viksit Bharat - Guarantee for Rozgar and Ajeevika Mission (Gramin) (VB-G RAM G),CENTRAL,All India,Ministry of Rural Development,Employment,Statutory rural wage-employment guarantee framework effective nationwide from 1 July 2026.,VERIFIED,https://www.pib.gov.in/PressReleasePage.aspx?PRID=2290638&lang=1&reg=6,,2026-09-19,18,,ANY,,,,,,,,,Seeking unskilled manual wage work,,,,,,,,,,RURAL,,Entitlement is household-based; adult household members volunteer for unskilled manual work.,Rural household with adult member(s) willing to undertake unskilled manual work; State/UT schemes implement the central Act.,Wage Employment Guarantee,"Guaranteed unskilled wage employment on demand to eligible rural households, with unemployment-allowance provisions under the Act/schemes.",Up to 125 days of guaranteed wage employment per eligible rural household per financial year; wage rate varies,Demand work/register through Gram Panchayat/local rural employment system; existing valid job cards transition under notified rules.,https://nrega.nic.in/,Official Ministry/PIB releases state that the Act came into force nationwide on 1 July 2026 and States/UTs notified implementing schemes. Application portal transition may still reuse legacy rural-employment systems.
