scheme_name,state_or_ut,field,operator,value,rule_confidence,notes
Mukhyamantri Kanya Sumangala Yojana,Uttar Pradesh,state_or_ut,equals,Uttar Pradesh,VERIFIED,
Mukhyamantri Kanya Sumangala Yojana,Uttar Pradesh,gender,equals,FEMALE,VERIFIED,
Mukhyamantri Kanya Sumangala Yojana,Uttar Pradesh,annual_income,<=,300000,VERIFIED,income_type=FAMILY
Mukhyamantri Samuhik Vivah Yojana,Uttar Pradesh,state_or_ut,equals,Uttar Pradesh,VERIFIED,
Mukhyamantri Samuhik Vivah Yojana,Uttar Pradesh,age,>=,18,VERIFIED,
Mukhyamantri Samuhik Vivah Yojana,Uttar Pradesh,gender,equals,FEMALE,VERIFIED,
Mukhyamantri Samuhik Vivah Yojana,Uttar Pradesh,annual_income,<=,300000,VERIFIED,income_type=FAMILY
Nirashrit Mahila Pension Yojana,Uttar Pradesh,state_or_ut,equals,Uttar Pradesh,VERIFIED,
Nirashrit Mahila Pension Yojana,Uttar Pradesh,gender,equals,FEMALE,VERIFIED,
Nirashrit Mahila Pension Yojana,Uttar Pradesh,widow_status,boolean_equals,true,VERIFIED,
Uttar Pradesh Mukhyamantri Bal Seva Yojana,Uttar Pradesh,state_or_ut,equals,Uttar Pradesh,LIKELY_ACTIVE,
Uttar Pradesh Mukhyamantri Bal Seva Yojana,Uttar Pradesh,age,>=,0,LIKELY_ACTIVE,
Uttar Pradesh Mukhyamantri Bal Seva Yojana,Uttar Pradesh,age,<=,18,LIKELY_ACTIVE,
Uttar Pradesh Mukhyamantri Bal Seva Yojana (Samanya),Uttar Pradesh,state_or_ut,equals,Uttar Pradesh,VERIFIED,
Uttar Pradesh Mukhyamantri Bal Seva Yojana (Samanya),Uttar Pradesh,age,>=,0,VERIFIED,
Uttar Pradesh Mukhyamantri Bal Seva Yojana (Samanya),Uttar Pradesh,age,<=,18,VERIFIED,
Rani Lakshmibai Mahila Evam Bal Samman Kosh,Uttar Pradesh,state_or_ut,equals,Uttar Pradesh,VERIFIED,
Rani Lakshmibai Mahila Evam Bal Samman Kosh,Uttar Pradesh,gender,equals,FEMALE,VERIFIED,
Mukhyamantri Krishak Durghatna Kalyan Yojana,Uttar Pradesh,state_or_ut,equals,Uttar Pradesh,VERIFIED,
Mukhyamantri Krishak Durghatna Kalyan Yojana,Uttar Pradesh,farmer_status,boolean_equals,true,VERIFIED,
Mukhyamantri Awas Yojana-Gramin,Uttar Pradesh,state_or_ut,equals,Uttar Pradesh,VERIFIED,
Mukhyamantri Awas Yojana-Gramin,Uttar Pradesh,rural_urban,equals,RURAL,VERIFIED,
Vishwakarma Shram Samman Yojana 2.0,Uttar Pradesh,state_or_ut,equals,Uttar Pradesh,VERIFIED,
Vishwakarma Shram Samman Yojana 2.0,Uttar Pradesh,age,>=,18,VERIFIED,
Mukhyamantri Yuva Udyami Vikas Abhiyan (CM-YUVA),Uttar Pradesh,state_or_ut,equals,Uttar Pradesh,VERIFIED,
Mukhyamantri Yuva Udyami Vikas Abhiyan (CM-YUVA),Uttar Pradesh,age,>=,21,VERIFIED,
Mukhyamantri Yuva Udyami Vikas Abhiyan (CM-YUVA),Uttar Pradesh,age,<=,40,VERIFIED,
Mukhyamantri Yuva Swarojgar Yojana,Uttar Pradesh,state_or_ut,equals,Uttar Pradesh,VERIFIED,
ODOP Margin Money Scheme,Uttar Pradesh,state_or_ut,equals,Uttar Pradesh,VERIFIED,
ODOP Margin Money Scheme,Uttar Pradesh,age,>=,18,VERIFIED,
ODOP Training and Toolkit Scheme,Uttar Pradesh,state_or_ut,equals,Uttar Pradesh,VERIFIED,
"Matritva, Shishu Evam Balika Madad Yojana (UP BOCW)",Uttar Pradesh,state_or_ut,equals,Uttar Pradesh,VERIFIED,
Sant Ravidas Shiksha Protsahan Yojana (UP BOCW),Uttar Pradesh,state_or_ut,equals,Uttar Pradesh,VERIFIED,
Sant Ravidas Shiksha Protsahan Yojana (UP BOCW),Uttar Pradesh,student_status,boolean_equals,true,VERIFIED,
Kanya Vivah Sahayata Yojana (UP BOCW),Uttar Pradesh,state_or_ut,equals,Uttar Pradesh,VERIFIED,
Kanya Vivah Sahayata Yojana (UP BOCW),Uttar Pradesh,age,>=,18,VERIFIED,
Kanya Vivah Sahayata Yojana (UP BOCW),Uttar Pradesh,gender,equals,FEMALE,VERIFIED,
Nirman Kamgar Gambhir Bimari Sahayata Yojana (UP BOCW),Uttar Pradesh,state_or_ut,equals,Uttar Pradesh,VERIFIED,
"Nirman Kamgar Mrityu, Viklangta Sahayata Evam Akshamta Pension Yojana (UP BOCW)",Uttar Pradesh,state_or_ut,equals,Uttar Pradesh,VERIFIED,
Antyeshti Sahayata Yojana (UP BOCW),Uttar Pradesh,state_or_ut,equals,Uttar Pradesh,VERIFIED,
Mukhyamantri Kanya Utthan Yojana,Bihar,state_or_ut,equals,Bihar,LIKELY_ACTIVE,
Mukhyamantri Kanya Utthan Yojana,Bihar,gender,equals,FEMALE,LIKELY_ACTIVE,
Mukhyamantri Balika Cycle Yojana,Bihar,state_or_ut,equals,Bihar,LIKELY_ACTIVE,
Mukhyamantri Balika Cycle Yojana,Bihar,gender,equals,FEMALE,LIKELY_ACTIVE,
Mukhyamantri Balika Cycle Yojana,Bihar,student_status,boolean_equals,true,LIKELY_ACTIVE,
Mukhyamantri Balak Cycle Yojana,Bihar,state_or_ut,equals,Bihar,LIKELY_ACTIVE,
Mukhyamantri Balak Cycle Yojana,Bihar,gender,equals,MALE,LIKELY_ACTIVE,
Mukhyamantri Balak Cycle Yojana,Bihar,student_status,boolean_equals,true,LIKELY_ACTIVE,
Mukhyamantri Poshak Yojana,Bihar,state_or_ut,equals,Bihar,VERIFIED,
Mukhyamantri Poshak Yojana,Bihar,student_status,boolean_equals,true,VERIFIED,
Bihar Student Credit Card Yojana,Bihar,state_or_ut,equals,Bihar,VERIFIED,
Bihar Student Credit Card Yojana,Bihar,student_status,boolean_equals,true,VERIFIED,
Mukhyamantri Nishchay Swayam Sahayata Bhatta Yojana,Bihar,state_or_ut,equals,Bihar,VERIFIED,
Mukhyamantri Nishchay Swayam Sahayata Bhatta Yojana,Bihar,age,>=,20,VERIFIED,
Mukhyamantri Nishchay Swayam Sahayata Bhatta Yojana,Bihar,age,<=,25,VERIFIED,
Kushal Yuva Program (KYP),Bihar,state_or_ut,equals,Bihar,VERIFIED,
Kushal Yuva Program (KYP),Bihar,age,>=,15,VERIFIED,
Kushal Yuva Program (KYP),Bihar,age,<=,25,VERIFIED,
Mukhyamantri Udyami Yojana,Bihar,state_or_ut,equals,Bihar,VERIFIED,
Bihar Laghu Udyami Yojana,Bihar,state_or_ut,equals,Bihar,VERIFIED,
Mukhyamantri Vridhjan Pension Yojana,Bihar,state_or_ut,equals,Bihar,VERIFIED,
Mukhyamantri Vridhjan Pension Yojana,Bihar,age,>=,60,VERIFIED,
Bihar Shatabdi Kushth Kalyan Yojana,Bihar,state_or_ut,equals,Bihar,NEEDS_REVIEW,
Mukhyamantri Divyangjan Sashaktikaran Chhatra Yojana 'Sambal',Bihar,state_or_ut,equals,Bihar,VERIFIED,
Mukhyamantri Divyangjan Sashaktikaran Chhatra Yojana 'Sambal',Bihar,disability_status,boolean_equals,true,VERIFIED,
Mukhyamantri Gramin Awas Yojana,Bihar,state_or_ut,equals,Bihar,VERIFIED,
Mukhyamantri Gramin Awas Yojana,Bihar,social_category,in,SC|ST|EBC (among defined beneficiary groups),VERIFIED,
Mukhyamantri Gramin Awas Yojana,Bihar,rural_urban,equals,RURAL,VERIFIED,
Mukhyamantri Chikitsa Sahayata Kosh,Bihar,state_or_ut,equals,Bihar,VERIFIED,
Mukhyamantri Pichhda Varg Medhavriti Yojana,Bihar,state_or_ut,equals,Bihar,VERIFIED,
Mukhyamantri Pichhda Varg Medhavriti Yojana,Bihar,annual_income,<=,300000,VERIFIED,income_type=FAMILY
Mukhyamantri Pichhda Varg Medhavriti Yojana,Bihar,social_category,equals,BC,VERIFIED,
Mukhyamantri Pichhda Varg Medhavriti Yojana,Bihar,student_status,boolean_equals,true,VERIFIED,
Mukhyamantri Atyant Pichhda Varg Medhavriti Yojana,Bihar,state_or_ut,equals,Bihar,VERIFIED,
Mukhyamantri Atyant Pichhda Varg Medhavriti Yojana,Bihar,social_category,equals,EBC,VERIFIED,
Mukhyamantri Atyant Pichhda Varg Medhavriti Yojana,Bihar,student_status,boolean_equals,true,VERIFIED,
Mukhyamantri Atyant Pichhda Varg Civil Seva Protsahan Yojana,Bihar,state_or_ut,equals,Bihar,VERIFIED,
Mukhyamantri Atyant Pichhda Varg Civil Seva Protsahan Yojana,Bihar,social_category,equals,EBC,VERIFIED,
Mukhyamantri Pichhda Varg Evam Atyant Pichhda Varg Chhatravas Anudan Yojana,Bihar,state_or_ut,equals,Bihar,VERIFIED,
Mukhyamantri Pichhda Varg Evam Atyant Pichhda Varg Chhatravas Anudan Yojana,Bihar,social_category,in,BC|EBC,VERIFIED,
Mukhyamantri Pichhda Varg Evam Atyant Pichhda Varg Chhatravas Anudan Yojana,Bihar,student_status,boolean_equals,true,VERIFIED,
Mukhyamantri Pichhda Varg Evam Atyant Pichhda Varg Kaushal Vikas Yojana,Bihar,state_or_ut,equals,Bihar,VERIFIED,
Mukhyamantri Pichhda Varg Evam Atyant Pichhda Varg Kaushal Vikas Yojana,Bihar,social_category,in,BC|EBC,VERIFIED,
Mukhyamantri Ladli Behna Yojana,Madhya Pradesh,state_or_ut,equals,Madhya Pradesh,VERIFIED,
Mukhyamantri Ladli Behna Yojana,Madhya Pradesh,gender,equals,FEMALE,VERIFIED,
Mukhyamantri Ladli Laxmi Yojana,Madhya Pradesh,state_or_ut,equals,Madhya Pradesh,VERIFIED,
Mukhyamantri Ladli Laxmi Yojana,Madhya Pradesh,gender,equals,FEMALE,VERIFIED,
Mukhyamantri Bal Ashirwad Yojana,Madhya Pradesh,state_or_ut,equals,Madhya Pradesh,VERIFIED,
Mukhyamantri Kisan Kalyan Yojana,Madhya Pradesh,state_or_ut,equals,Madhya Pradesh,VERIFIED,
Mukhyamantri Kisan Kalyan Yojana,Madhya Pradesh,farmer_status,boolean_equals,true,VERIFIED,
Mukhyamantri Seekho Kamao Yojana,Madhya Pradesh,state_or_ut,equals,Madhya Pradesh,VERIFIED,
Mukhyamantri Seekho Kamao Yojana,Madhya Pradesh,age,>=,18,VERIFIED,
Mukhyamantri Seekho Kamao Yojana,Madhya Pradesh,age,<=,29,VERIFIED,
Mukhyamantri Udyam Kranti Yojana,Madhya Pradesh,state_or_ut,equals,Madhya Pradesh,VERIFIED,
Mukhyamantri Medhavi Vidyarthi Yojana,Madhya Pradesh,state_or_ut,equals,Madhya Pradesh,VERIFIED,
Mukhyamantri Medhavi Vidyarthi Yojana,Madhya Pradesh,student_status,boolean_equals,true,VERIFIED,
Gaon Ki Beti Yojana,Madhya Pradesh,state_or_ut,equals,Madhya Pradesh,VERIFIED,
Gaon Ki Beti Yojana,Madhya Pradesh,gender,equals,FEMALE,VERIFIED,
Gaon Ki Beti Yojana,Madhya Pradesh,student_status,boolean_equals,true,VERIFIED,
Gaon Ki Beti Yojana,Madhya Pradesh,rural_urban,equals,RURAL,VERIFIED,
Pratibha Kiran Yojana,Madhya Pradesh,state_or_ut,equals,Madhya Pradesh,VERIFIED,
Pratibha Kiran Yojana,Madhya Pradesh,gender,equals,FEMALE,VERIFIED,
Pratibha Kiran Yojana,Madhya Pradesh,student_status,boolean_equals,true,VERIFIED,
Pratibha Kiran Yojana,Madhya Pradesh,bpl_status,boolean_equals,true,VERIFIED,
Pratibha Kiran Yojana,Madhya Pradesh,rural_urban,equals,URBAN,VERIFIED,
Mukhyamantri Jan Kalyan (Sambal 2.0) Yojana,Madhya Pradesh,state_or_ut,equals,Madhya Pradesh,VERIFIED,
Mukhyamantri Kanya Abhibhavak Pension Yojana,Madhya Pradesh,state_or_ut,equals,Madhya Pradesh,VERIFIED,
Mukhyamantri Kanya Vivah Yojana,Madhya Pradesh,state_or_ut,equals,Madhya Pradesh,VERIFIED,
Mukhyamantri Kanya Vivah Yojana,Madhya Pradesh,age,>=,18,VERIFIED,
Mukhyamantri Kanya Vivah Yojana,Madhya Pradesh,gender,equals,FEMALE,VERIFIED,
Mukhyamantri Kalyani Vivah Sahayata Yojana,Madhya Pradesh,state_or_ut,equals,Madhya Pradesh,VERIFIED,
Mukhyamantri Kalyani Vivah Sahayata Yojana,Madhya Pradesh,gender,equals,FEMALE,VERIFIED,
Mukhyamantri Kalyani Vivah Sahayata Yojana,Madhya Pradesh,widow_status,boolean_equals,true,VERIFIED,
Nishaktjan Vivah Protsahan Yojana,Madhya Pradesh,state_or_ut,equals,Madhya Pradesh,VERIFIED,
Nishaktjan Vivah Protsahan Yojana,Madhya Pradesh,age,>=,18,VERIFIED,
Nishaktjan Vivah Protsahan Yojana,Madhya Pradesh,disability_status,boolean_equals,true,VERIFIED,
Nishaktjan Vivah Protsahan Yojana,Madhya Pradesh,disability_percentage,>=,40,VERIFIED,
Mukhyamantri Nishakt Shiksha Protsahan Yojana,Madhya Pradesh,state_or_ut,equals,Madhya Pradesh,VERIFIED,
Mukhyamantri Nishakt Shiksha Protsahan Yojana,Madhya Pradesh,student_status,boolean_equals,true,VERIFIED,
Mukhyamantri Nishakt Shiksha Protsahan Yojana,Madhya Pradesh,disability_status,boolean_equals,true,VERIFIED,
Mukhyamantri Awasiy Bhu-Adhikar Yojana,Madhya Pradesh,state_or_ut,equals,Madhya Pradesh,VERIFIED,
Mukhyamantri Awasiy Bhu-Adhikar Yojana,Madhya Pradesh,rural_urban,equals,RURAL,VERIFIED,
Mukhyamantri Nagriya Bhu-Adhikar Yojana,Madhya Pradesh,state_or_ut,equals,Madhya Pradesh,VERIFIED,
Mukhyamantri Nagriya Bhu-Adhikar Yojana,Madhya Pradesh,rural_urban,equals,URBAN,VERIFIED,
Domestic Violence Victim Assistance Scheme,Madhya Pradesh,state_or_ut,equals,Madhya Pradesh,VERIFIED,
Domestic Violence Victim Assistance Scheme,Madhya Pradesh,gender,equals,FEMALE,VERIFIED,
Palanhar Yojana,Rajasthan,state_or_ut,equals,Rajasthan,VERIFIED,
Mukhyamantri Kanyadan Yojana,Rajasthan,state_or_ut,equals,Rajasthan,VERIFIED,
Mukhyamantri Kanyadan Yojana,Rajasthan,age,>=,18,VERIFIED,
Mukhyamantri Kanyadan Yojana,Rajasthan,gender,equals,FEMALE,VERIFIED,
Mukhyamantri Kanyadan Yojana,Rajasthan,social_category,in,SC|ST|MINORITY|other eligible categories,VERIFIED,
Dr. Savita Ben Ambedkar Inter-Caste Marriage Scheme,Rajasthan,state_or_ut,equals,Rajasthan,VERIFIED,
Mukhyamantri Anuprati Coaching Yojana,Rajasthan,state_or_ut,equals,Rajasthan,VERIFIED,
Mukhyamantri Anuprati Coaching Yojana,Rajasthan,student_status,boolean_equals,true,VERIFIED,
Mukhyamantri Ekal Nari Samman Pension Yojana,Rajasthan,state_or_ut,equals,Rajasthan,VERIFIED,
Mukhyamantri Ekal Nari Samman Pension Yojana,Rajasthan,age,>=,18,VERIFIED,
Mukhyamantri Ekal Nari Samman Pension Yojana,Rajasthan,gender,equals,FEMALE,VERIFIED,
Mukhyamantri Ekal Nari Samman Pension Yojana,Rajasthan,annual_income,<=,48000,VERIFIED,income_type=SELF+SPOUSE/FAMILY AS APPLICABLE
Mukhyamantri Vishesh Yogyajan Samman Pension Yojana,Rajasthan,state_or_ut,equals,Rajasthan,VERIFIED,
Mukhyamantri Vishesh Yogyajan Samman Pension Yojana,Rajasthan,annual_income,<=,60000,VERIFIED,income_type=INDIVIDUAL/FAMILY
Mukhyamantri Vishesh Yogyajan Samman Pension Yojana,Rajasthan,disability_status,boolean_equals,true,VERIFIED,
Mukhyamantri Vishesh Yogyajan Samman Pension Yojana,Rajasthan,disability_percentage,>=,40,VERIFIED,
Mukhyamantri Vridhjan Samman Pension Yojana,Rajasthan,state_or_ut,equals,Rajasthan,VERIFIED,
Mukhyamantri Vridhjan Samman Pension Yojana,Rajasthan,age,>=,55,VERIFIED,
Mukhyamantri Vridhjan Samman Pension Yojana,Rajasthan,annual_income,<=,48000,VERIFIED,income_type=SELF+SPOUSE
Mukhyamantri Self Employment Scheme for Specially Abled Persons,Rajasthan,state_or_ut,equals,Rajasthan,VERIFIED,
Mukhyamantri Self Employment Scheme for Specially Abled Persons,Rajasthan,disability_status,boolean_equals,true,VERIFIED,
Astha Card Scheme,Rajasthan,state_or_ut,equals,Rajasthan,VERIFIED,
Astha Card Scheme,Rajasthan,disability_status,boolean_equals,true,VERIFIED,
Devnarayan Girls Scooty and Incentive Scheme,Rajasthan,state_or_ut,equals,Rajasthan,VERIFIED,
Devnarayan Girls Scooty and Incentive Scheme,Rajasthan,gender,equals,FEMALE,VERIFIED,
Devnarayan Girls Scooty and Incentive Scheme,Rajasthan,social_category,equals,NOTIFIED DEVNARAYAN BENEFICIARY COMMUNITIES,VERIFIED,
Devnarayan Girls Scooty and Incentive Scheme,Rajasthan,student_status,boolean_equals,true,VERIFIED,
Kali Bai Bheel Medhavi Chhatra Scooty Yojana,Rajasthan,state_or_ut,equals,Rajasthan,VERIFIED,
Kali Bai Bheel Medhavi Chhatra Scooty Yojana,Rajasthan,gender,equals,FEMALE,VERIFIED,
Kali Bai Bheel Medhavi Chhatra Scooty Yojana,Rajasthan,student_status,boolean_equals,true,VERIFIED,
Mukhyamantri Uchcha Shiksha Scholarship Yojana,Rajasthan,state_or_ut,equals,Rajasthan,LIKELY_ACTIVE,
Mukhyamantri Uchcha Shiksha Scholarship Yojana,Rajasthan,student_status,boolean_equals,true,LIKELY_ACTIVE,
Ambedkar DBT Voucher Yojana,Rajasthan,state_or_ut,equals,Rajasthan,LIKELY_ACTIVE,
Ambedkar DBT Voucher Yojana,Rajasthan,student_status,boolean_equals,true,LIKELY_ACTIVE,
Mukhyamantri Nari Shakti Udyam Protsahan Yojana,Rajasthan,state_or_ut,equals,Rajasthan,VERIFIED,
Mukhyamantri Nari Shakti Udyam Protsahan Yojana,Rajasthan,gender,equals,FEMALE,VERIFIED,
Mukhyamantri Krishak Sathi Sahayata Yojana,Rajasthan,state_or_ut,equals,Rajasthan,VERIFIED,
Mukhyamantri Krishak Sathi Sahayata Yojana,Rajasthan,farmer_status,boolean_equals,true,VERIFIED,
Mukhyamantri Beej Swavlamban Yojana,Rajasthan,state_or_ut,equals,Rajasthan,VERIFIED,
Mukhyamantri Beej Swavlamban Yojana,Rajasthan,farmer_status,boolean_equals,true,VERIFIED,
Incentive to Girls Studying Agriculture,Rajasthan,state_or_ut,equals,Rajasthan,VERIFIED,
Incentive to Girls Studying Agriculture,Rajasthan,gender,equals,FEMALE,VERIFIED,
Incentive to Girls Studying Agriculture,Rajasthan,student_status,boolean_equals,true,VERIFIED,
Mahatma Jyotiba Phule Mandi Shramik Kalyan Yojana,Rajasthan,state_or_ut,equals,Rajasthan,VERIFIED,
Camel Conservation Scheme,Rajasthan,state_or_ut,equals,Rajasthan,VERIFIED,
Mukhyamantri Ayushman Durghatna Bima Yojana,Rajasthan,state_or_ut,equals,Rajasthan,VERIFIED,
Mukhyamantri Laghu Seemant Vriddh Krishak Samman Pension Yojana,Rajasthan,state_or_ut,equals,Rajasthan,VERIFIED,
Mukhyamantri Laghu Seemant Vriddh Krishak Samman Pension Yojana,Rajasthan,farmer_status,boolean_equals,true,VERIFIED,
Distance Education Scheme for Girls,Rajasthan,state_or_ut,equals,Rajasthan,LIKELY_ACTIVE,
Distance Education Scheme for Girls,Rajasthan,gender,equals,FEMALE,LIKELY_ACTIVE,
Distance Education Scheme for Girls,Rajasthan,student_status,boolean_equals,true,LIKELY_ACTIVE,
Mukhyamantri Majhi Ladki Bahin Yojana,Maharashtra,state_or_ut,equals,Maharashtra,VERIFIED,
Mukhyamantri Majhi Ladki Bahin Yojana,Maharashtra,age,>=,21,VERIFIED,
Mukhyamantri Majhi Ladki Bahin Yojana,Maharashtra,age,<=,65,VERIFIED,
Mukhyamantri Majhi Ladki Bahin Yojana,Maharashtra,gender,equals,FEMALE,VERIFIED,
Lek Ladki Yojana,Maharashtra,state_or_ut,equals,Maharashtra,VERIFIED,
Lek Ladki Yojana,Maharashtra,gender,equals,FEMALE,VERIFIED,
Lek Ladki Yojana,Maharashtra,annual_income,<=,100000,VERIFIED,income_type=FAMILY_ANNUAL
Mukhyamantri Yuva Karya Prashikshan Yojana,Maharashtra,state_or_ut,equals,Maharashtra,VERIFIED,
Mukhyamantri Teerth Darshan Yojana,Maharashtra,state_or_ut,equals,Maharashtra,VERIFIED,
Mukhyamantri Vayoshree Yojana,Maharashtra,state_or_ut,equals,Maharashtra,VERIFIED,
Mukhyamantri Vayoshree Yojana,Maharashtra,age,>=,65,VERIFIED,
Mukhyamantri Baliraja Vij Savalat Yojana,Maharashtra,state_or_ut,equals,Maharashtra,VERIFIED,
Mukhyamantri Baliraja Vij Savalat Yojana,Maharashtra,farmer_status,boolean_equals,true,VERIFIED,
Mukhyamantri Annapurna Yojana,Maharashtra,state_or_ut,equals,Maharashtra,VERIFIED,
Shiv Bhojan Yojana,Maharashtra,state_or_ut,equals,Maharashtra,VERIFIED,
APL Farmer Direct Benefit Scheme,Maharashtra,state_or_ut,equals,Maharashtra,VERIFIED,
APL Farmer Direct Benefit Scheme,Maharashtra,farmer_status,boolean_equals,true,VERIFIED,
Namo Shetkari Mahasanman Nidhi Yojana,Maharashtra,state_or_ut,equals,Maharashtra,VERIFIED,
Namo Shetkari Mahasanman Nidhi Yojana,Maharashtra,farmer_status,boolean_equals,true,VERIFIED,
Birsa Munda Krishi Kranti Yojana,Maharashtra,state_or_ut,equals,Maharashtra,VERIFIED,
Birsa Munda Krishi Kranti Yojana,Maharashtra,social_category,equals,ST,VERIFIED,
Birsa Munda Krishi Kranti Yojana,Maharashtra,farmer_status,boolean_equals,true,VERIFIED,
Dr. Babasaheb Ambedkar Krushi Swavalamban Yojana,Maharashtra,state_or_ut,equals,Maharashtra,VERIFIED,
Dr. Babasaheb Ambedkar Krushi Swavalamban Yojana,Maharashtra,social_category,equals,SC,VERIFIED,
Dr. Babasaheb Ambedkar Krushi Swavalamban Yojana,Maharashtra,farmer_status,boolean_equals,true,VERIFIED,
Bhausaheb Fundkar Phalbaag Lagvad Yojana,Maharashtra,state_or_ut,equals,Maharashtra,VERIFIED,
Bhausaheb Fundkar Phalbaag Lagvad Yojana,Maharashtra,farmer_status,boolean_equals,true,VERIFIED,
State Agriculture Mechanization Scheme,Maharashtra,state_or_ut,equals,Maharashtra,VERIFIED,
State Agriculture Mechanization Scheme,Maharashtra,farmer_status,boolean_equals,true,VERIFIED,
Chief Minister Sustainable Agriculture Irrigation Scheme,Maharashtra,state_or_ut,equals,Maharashtra,VERIFIED,
Chief Minister Sustainable Agriculture Irrigation Scheme,Maharashtra,farmer_status,boolean_equals,true,VERIFIED,
Khauti Anudan Yojana,Maharashtra,state_or_ut,equals,Maharashtra,VERIFIED,
Khauti Anudan Yojana,Maharashtra,social_category,equals,ST,VERIFIED,
Maharashtra Apprenticeship Promotion Scheme,Maharashtra,state_or_ut,equals,Maharashtra,VERIFIED,
Rajarshi Chhatrapati Shahu Maharaj Shikshan Shulkh Shishyavrutti Yojna (EBC),Maharashtra,state_or_ut,equals,Maharashtra,VERIFIED,
Rajarshi Chhatrapati Shahu Maharaj Shikshan Shulkh Shishyavrutti Yojna (EBC),Maharashtra,student_status,boolean_equals,true,VERIFIED,
Dr. Panjabrao Deshmukh Vasatigruh Nirvah Bhatta Yojna,Maharashtra,state_or_ut,equals,Maharashtra,VERIFIED,
Dr. Panjabrao Deshmukh Vasatigruh Nirvah Bhatta Yojna,Maharashtra,student_status,boolean_equals,true,VERIFIED,
State Minority Scholarship Part II,Maharashtra,state_or_ut,equals,Maharashtra,VERIFIED,
State Minority Scholarship Part II,Maharashtra,student_status,boolean_equals,true,VERIFIED,
State Minority Scholarship Part II,Maharashtra,minority_status,boolean_equals,true,VERIFIED,
Vahli Dikri Yojana,Gujarat,state_or_ut,equals,Gujarat,VERIFIED,
Vahli Dikri Yojana,Gujarat,gender,equals,FEMALE,VERIFIED,
Ganga Swarupa Financial Aid Scheme,Gujarat,state_or_ut,equals,Gujarat,VERIFIED,
Ganga Swarupa Financial Aid Scheme,Gujarat,gender,equals,FEMALE,VERIFIED,
Ganga Swarupa Financial Aid Scheme,Gujarat,widow_status,boolean_equals,true,VERIFIED,
Ganga Swarupa Punah Lagna Arthik Sahay Scheme,Gujarat,state_or_ut,equals,Gujarat,VERIFIED,
Ganga Swarupa Punah Lagna Arthik Sahay Scheme,Gujarat,gender,equals,FEMALE,VERIFIED,
Ganga Swarupa Punah Lagna Arthik Sahay Scheme,Gujarat,widow_status,boolean_equals,true,VERIFIED,
Mukhyamantri Matrushakti Yojana,Gujarat,state_or_ut,equals,Gujarat,VERIFIED,
Mukhyamantri Matrushakti Yojana,Gujarat,gender,equals,FEMALE,VERIFIED,
Poshan Sudha,Gujarat,state_or_ut,equals,Gujarat,VERIFIED,
PURNA Scheme,Gujarat,state_or_ut,equals,Gujarat,VERIFIED,
PURNA Scheme,Gujarat,gender,equals,FEMALE,VERIFIED,
Doodh Sanjivani Scheme,Gujarat,state_or_ut,equals,Gujarat,VERIFIED,
Mahila Swavlamban Scheme,Gujarat,state_or_ut,equals,Gujarat,VERIFIED,
Mahila Swavlamban Scheme,Gujarat,gender,equals,FEMALE,VERIFIED,
Manav Garima Yojana,Gujarat,state_or_ut,equals,Gujarat,VERIFIED,
Kunvarbai Nu Mameru Scheme,Gujarat,state_or_ut,equals,Gujarat,VERIFIED,
Kunvarbai Nu Mameru Scheme,Gujarat,gender,equals,FEMALE,VERIFIED,
Mai Ramabai Ambedkar Sat Fera Samuh Lagna Yojana,Gujarat,state_or_ut,equals,Gujarat,VERIFIED,
Sarasvati Sadhana Yojana (Free Cycle to SC Girls),Gujarat,state_or_ut,equals,Gujarat,VERIFIED,
Sarasvati Sadhana Yojana (Free Cycle to SC Girls),Gujarat,gender,equals,FEMALE,VERIFIED,
Sarasvati Sadhana Yojana (Free Cycle to SC Girls),Gujarat,social_category,equals,SC,VERIFIED,
Sarasvati Sadhana Yojana (Free Cycle to SC Girls),Gujarat,student_status,boolean_equals,true,VERIFIED,
State Post-SSC Scholarship to SC Girls,Gujarat,state_or_ut,equals,Gujarat,VERIFIED,
State Post-SSC Scholarship to SC Girls,Gujarat,gender,equals,FEMALE,VERIFIED,
State Post-SSC Scholarship to SC Girls,Gujarat,social_category,equals,SC,VERIFIED,
State Post-SSC Scholarship to SC Girls,Gujarat,student_status,boolean_equals,true,VERIFIED,
Divyang Free ST Bus Travel Scheme,Gujarat,state_or_ut,equals,Gujarat,VERIFIED,
Divyang Free ST Bus Travel Scheme,Gujarat,disability_status,boolean_equals,true,VERIFIED,
Divyang Sadhan Sahay Yojana,Gujarat,state_or_ut,equals,Gujarat,VERIFIED,
Divyang Sadhan Sahay Yojana,Gujarat,disability_status,boolean_equals,true,VERIFIED,
Sant Surdas Yojana,Gujarat,state_or_ut,equals,Gujarat,VERIFIED,
Sant Surdas Yojana,Gujarat,disability_status,boolean_equals,true,VERIFIED,
Divyang Lagna Sahay Yojana,Gujarat,state_or_ut,equals,Gujarat,VERIFIED,
Divyang Lagna Sahay Yojana,Gujarat,disability_status,boolean_equals,true,VERIFIED,
Niradhar Vrudh State Financial Assistance Scheme,Gujarat,state_or_ut,equals,Gujarat,VERIFIED,
Smart & Precision Farming Assistance Scheme,Gujarat,state_or_ut,equals,Gujarat,VERIFIED,
Smart & Precision Farming Assistance Scheme,Gujarat,farmer_status,boolean_equals,true,VERIFIED,
Grass/Fodder Production Unit Assistance Scheme,Gujarat,state_or_ut,equals,Gujarat,VERIFIED,
Grass/Fodder Production Unit Assistance Scheme,Gujarat,farmer_status,boolean_equals,true,VERIFIED,
Grass/Fodder Production Unit Assistance Scheme,Gujarat,rural_urban,equals,RURAL,VERIFIED,
Sant Sohirobanath Ambiye Dnyanvruddhi Shishyavrutti (Bursary Scheme),Goa,state_or_ut,equals,Goa,VERIFIED,
Sant Sohirobanath Ambiye Dnyanvruddhi Shishyavrutti (Bursary Scheme),Goa,student_status,boolean_equals,true,VERIFIED,
Mukhyamantri Samupadeshan Yojana,Goa,state_or_ut,equals,Goa,VERIFIED,
Mukhyamantri Samupadeshan Yojana,Goa,student_status,boolean_equals,true,VERIFIED,
Interest Free Education Loan Scheme for Higher Education,Goa,state_or_ut,equals,Goa,VERIFIED,
Interest Free Education Loan Scheme for Higher Education,Goa,student_status,boolean_equals,true,VERIFIED,
Manohar Parrikar Goa Scholars Scheme 2025,Goa,state_or_ut,equals,Goa,VERIFIED,
Manohar Parrikar Goa Scholars Scheme 2025,Goa,student_status,boolean_equals,true,VERIFIED,
Chief Minister's Kaushalya Path Scheme (CMKPS),Goa,state_or_ut,equals,Goa,VERIFIED,
Gagan Bharari Shiksha Yojana - ST,Goa,state_or_ut,equals,Goa,VERIFIED,
Gagan Bharari Shiksha Yojana - ST,Goa,social_category,equals,ST,VERIFIED,
Gagan Bharari Shiksha Yojana - ST,Goa,student_status,boolean_equals,true,VERIFIED,
Merit Based Scholarship Scheme - ST,Goa,state_or_ut,equals,Goa,VERIFIED,
Merit Based Scholarship Scheme - ST,Goa,social_category,equals,ST,VERIFIED,
Merit Based Scholarship Scheme - ST,Goa,student_status,boolean_equals,true,VERIFIED,
Home Nursing Scholarship Scheme - ST,Goa,state_or_ut,equals,Goa,VERIFIED,
Home Nursing Scholarship Scheme - ST,Goa,social_category,equals,ST,VERIFIED,
Home Nursing Scholarship Scheme - ST,Goa,student_status,boolean_equals,true,VERIFIED,
Kanya Dhan Scheme - SC,Goa,state_or_ut,equals,Goa,VERIFIED,
Kanya Dhan Scheme - SC,Goa,gender,equals,FEMALE,VERIFIED,
Kanya Dhan Scheme - SC,Goa,social_category,equals,SC,VERIFIED,
Kanya Dhan Scheme - SC,Goa,student_status,boolean_equals,true,VERIFIED,
Saral Vidya Sahay Scheme - SC (V to VIII),Goa,state_or_ut,equals,Goa,VERIFIED,
Saral Vidya Sahay Scheme - SC (V to VIII),Goa,social_category,equals,SC,VERIFIED,
Saral Vidya Sahay Scheme - SC (V to VIII),Goa,student_status,boolean_equals,true,VERIFIED,
Free Laptop Scheme ITG,Goa,state_or_ut,equals,Goa,VERIFIED,
Free Laptop Scheme ITG,Goa,student_status,boolean_equals,true,VERIFIED,
Stipend to Disabled Students,Goa,state_or_ut,equals,Goa,VERIFIED,
Stipend to Disabled Students,Goa,student_status,boolean_equals,true,VERIFIED,
Stipend to Disabled Students,Goa,disability_status,boolean_equals,true,VERIFIED,
Scholarship for Disabled Students,Goa,state_or_ut,equals,Goa,VERIFIED,
Scholarship for Disabled Students,Goa,student_status,boolean_equals,true,VERIFIED,
Scholarship for Disabled Students,Goa,disability_status,boolean_equals,true,VERIFIED,
Children of Widow Scheme,Goa,state_or_ut,equals,Goa,VERIFIED,
Dayanand Social Security Scheme,Goa,state_or_ut,equals,Goa,LIKELY_ACTIVE,
Deen Dayal Swasthya Seva Yojana,Goa,state_or_ut,equals,Goa,LIKELY_ACTIVE,
Atal Asra Yojana,Goa,state_or_ut,equals,Goa,LIKELY_ACTIVE,
Assistance for Purchase of Agriculture Inputs Scheme,Goa,state_or_ut,equals,Goa,LIKELY_ACTIVE,
Assistance for Purchase of Agriculture Inputs Scheme,Goa,farmer_status,boolean_equals,true,LIKELY_ACTIVE,
Assistance for Community Farming and Promotion of Organic Farming Scheme,Goa,state_or_ut,equals,Goa,LIKELY_ACTIVE,
Assistance for Community Farming and Promotion of Organic Farming Scheme,Goa,farmer_status,boolean_equals,true,LIKELY_ACTIVE,
Shetkari Adhar Nidhi / Assistance for Fencing,Goa,state_or_ut,equals,Goa,LIKELY_ACTIVE,
Shetkari Adhar Nidhi / Assistance for Fencing,Goa,farmer_status,boolean_equals,true,LIKELY_ACTIVE,
Mahtari Vandan Yojana,Chhattisgarh,state_or_ut,equals,Chhattisgarh,VERIFIED,
Mahtari Vandan Yojana,Chhattisgarh,gender,equals,FEMALE,VERIFIED,
Krishak Unnati Yojana,Chhattisgarh,state_or_ut,equals,Chhattisgarh,VERIFIED,
Krishak Unnati Yojana,Chhattisgarh,farmer_status,boolean_equals,true,VERIFIED,
Mukhyamantri Kanya Vivah Yojana,Chhattisgarh,state_or_ut,equals,Chhattisgarh,VERIFIED,
Mukhyamantri Kanya Vivah Yojana,Chhattisgarh,age,>=,18,VERIFIED,
Mukhyamantri Kanya Vivah Yojana,Chhattisgarh,gender,equals,FEMALE,VERIFIED,
Mukhyamantri SC/ST Vidyarthi Utkarsh Yojana,Chhattisgarh,state_or_ut,equals,Chhattisgarh,VERIFIED,
Mukhyamantri SC/ST Vidyarthi Utkarsh Yojana,Chhattisgarh,social_category,in,SC|ST,VERIFIED,
Mukhyamantri SC/ST Vidyarthi Utkarsh Yojana,Chhattisgarh,student_status,boolean_equals,true,VERIFIED,
Mukhyamantri Bal Bhavishya Suraksha Yojana (Prayas),Chhattisgarh,state_or_ut,equals,Chhattisgarh,VERIFIED,
Mukhyamantri Bal Bhavishya Suraksha Yojana (Prayas),Chhattisgarh,student_status,boolean_equals,true,VERIFIED,
Rajiv Yuva Utthan Yojana,Chhattisgarh,state_or_ut,equals,Chhattisgarh,VERIFIED,
Civil Services Protsahan Yojana,Chhattisgarh,state_or_ut,equals,Chhattisgarh,VERIFIED,
Yuva Career Nirman Yojana,Chhattisgarh,state_or_ut,equals,Chhattisgarh,VERIFIED,
Chief Minister Employment Generation Programme,Chhattisgarh,state_or_ut,equals,Chhattisgarh,VERIFIED,
Minimata Mahtari Jatan Yojana,Chhattisgarh,state_or_ut,equals,Chhattisgarh,VERIFIED,
Mukhyamantri Cycle Sahayata Yojana (Construction Workers),Chhattisgarh,state_or_ut,equals,Chhattisgarh,VERIFIED,
Mukhyamantri Shramik Auzar Sahayata Yojana,Chhattisgarh,state_or_ut,equals,Chhattisgarh,VERIFIED,
Mukhyamantri Silai Machine Sahayata Yojana,Chhattisgarh,state_or_ut,equals,Chhattisgarh,VERIFIED,
Mukhyamantri Naunihal Chhatravritti Yojana,Chhattisgarh,state_or_ut,equals,Chhattisgarh,VERIFIED,
Mukhyamantri Naunihal Chhatravritti Yojana,Chhattisgarh,student_status,boolean_equals,true,VERIFIED,
Mukhyamantri Noni Babu Medhavi Shiksha Sahayata Yojana,Chhattisgarh,state_or_ut,equals,Chhattisgarh,VERIFIED,
Mukhyamantri Noni Babu Medhavi Shiksha Sahayata Yojana,Chhattisgarh,student_status,boolean_equals,true,VERIFIED,
Mukhyamantri Nirman Mazdoor Suraksha Upkaran Sahayata Yojana,Chhattisgarh,state_or_ut,equals,Chhattisgarh,VERIFIED,
Mukhyamantri Nirman Shramik Mrityu Evam Divyang Sahayata Yojana,Chhattisgarh,state_or_ut,equals,Chhattisgarh,VERIFIED,
Mukhyamantri Noni Sashaktikaran Sahayata Yojana,Chhattisgarh,state_or_ut,equals,Chhattisgarh,VERIFIED,
Mukhyamantri Noni Sashaktikaran Sahayata Yojana,Chhattisgarh,gender,equals,FEMALE,VERIFIED,
Mukhyamantri Shramik Siyan Sahayata Yojana,Chhattisgarh,state_or_ut,equals,Chhattisgarh,VERIFIED,
Mukhyamantri Nirman Shramik Awas Sahayata Yojana,Chhattisgarh,state_or_ut,equals,Chhattisgarh,VERIFIED,
Jharkhand Mukhyamantri Maiya Samman Yojana,Jharkhand,state_or_ut,equals,Jharkhand,VERIFIED,
Jharkhand Mukhyamantri Maiya Samman Yojana,Jharkhand,gender,equals,FEMALE,VERIFIED,
Savitribai Phule Kishori Samriddhi Yojana,Jharkhand,state_or_ut,equals,Jharkhand,VERIFIED,
Savitribai Phule Kishori Samriddhi Yojana,Jharkhand,gender,equals,FEMALE,VERIFIED,
Savitribai Phule Kishori Samriddhi Yojana,Jharkhand,student_status,boolean_equals,true,VERIFIED,
Guruji Student Credit Card Scheme,Jharkhand,state_or_ut,equals,Jharkhand,VERIFIED,
Guruji Student Credit Card Scheme,Jharkhand,student_status,boolean_equals,true,VERIFIED,
Manki Munda Scholarship Yojana,Jharkhand,state_or_ut,equals,Jharkhand,VERIFIED,
Manki Munda Scholarship Yojana,Jharkhand,student_status,boolean_equals,true,VERIFIED,
Marang Gomke Jaipal Singh Munda Overseas Scholarship,Jharkhand,state_or_ut,equals,Jharkhand,VERIFIED,
Marang Gomke Jaipal Singh Munda Overseas Scholarship,Jharkhand,student_status,boolean_equals,true,VERIFIED,
Eklavya Prashikshan Yojana,Jharkhand,state_or_ut,equals,Jharkhand,VERIFIED,
Mukhyamantri Shiksha Protsahan Yojana,Jharkhand,state_or_ut,equals,Jharkhand,VERIFIED,
Mukhyamantri Shiksha Protsahan Yojana,Jharkhand,student_status,boolean_equals,true,VERIFIED,
CM Fellowship Programme,Jharkhand,state_or_ut,equals,Jharkhand,VERIFIED,
CM Fellowship Programme,Jharkhand,student_status,boolean_equals,true,VERIFIED,
Balmiki Scholarship Yojana,Jharkhand,state_or_ut,equals,Jharkhand,VERIFIED,
Balmiki Scholarship Yojana,Jharkhand,student_status,boolean_equals,true,VERIFIED,
Mukhyamantri Rojgar Srijan Yojana,Jharkhand,state_or_ut,equals,Jharkhand,VERIFIED,
Mukhyamantri Rojgar Srijan Yojana,Jharkhand,social_category,in,SC|ST|OBC|MINORITY,VERIFIED,
Abua Awas Yojana,Jharkhand,state_or_ut,equals,Jharkhand,VERIFIED,
Abua Awas Yojana,Jharkhand,rural_urban,equals,RURAL,VERIFIED,
Mukhyamantri Abua Swasthya Suraksha Yojana,Jharkhand,state_or_ut,equals,Jharkhand,VERIFIED,
Birsa Harit Gram Yojana,Jharkhand,state_or_ut,equals,Jharkhand,LIKELY_ACTIVE,
Birsa Harit Gram Yojana,Jharkhand,rural_urban,equals,RURAL,LIKELY_ACTIVE,
Neelambar Pitambar Jal Samridhi Yojana,Jharkhand,state_or_ut,equals,Jharkhand,LIKELY_ACTIVE,
Neelambar Pitambar Jal Samridhi Yojana,Jharkhand,rural_urban,equals,RURAL,LIKELY_ACTIVE,
Veer Shaheed Poto Ho Khel Vikas Yojana,Jharkhand,state_or_ut,equals,Jharkhand,LIKELY_ACTIVE,
Veer Shaheed Poto Ho Khel Vikas Yojana,Jharkhand,rural_urban,equals,RURAL,LIKELY_ACTIVE,
Integrated Poultry Development Scheme,Jharkhand,state_or_ut,equals,Jharkhand,VERIFIED,
Backyard / Low Input Layer Poultry Farming Scheme,Jharkhand,state_or_ut,equals,Jharkhand,VERIFIED,
Backyard / Low Input Layer Poultry Farming Scheme,Jharkhand,rural_urban,equals,RURAL,VERIFIED,
Broiler Poultry Unit Scheme,Jharkhand,state_or_ut,equals,Jharkhand,VERIFIED,
Broiler Poultry Unit Scheme,Jharkhand,rural_urban,equals,RURAL,VERIFIED,
Duckling Distribution Scheme,Jharkhand,state_or_ut,equals,Jharkhand,VERIFIED,
Duckling Distribution Scheme,Jharkhand,rural_urban,equals,RURAL,VERIFIED,
Paravet Training Scheme,Jharkhand,state_or_ut,equals,Jharkhand,VERIFIED,
Paravet Training Scheme,Jharkhand,age,>=,18,VERIFIED,
Paravet Training Scheme,Jharkhand,age,<=,40,VERIFIED,
SUBHADRA,Odisha,state_or_ut,equals,Odisha,VERIFIED,
SUBHADRA,Odisha,gender,equals,FEMALE,VERIFIED,
CM KISAN,Odisha,state_or_ut,equals,Odisha,VERIFIED,
CM KISAN,Odisha,farmer_status,boolean_equals,true,VERIFIED,
Krishi Vidya Nidhi Scholarship,Odisha,state_or_ut,equals,Odisha,VERIFIED,
Krishi Vidya Nidhi Scholarship,Odisha,student_status,boolean_equals,true,VERIFIED,
Mukhyamantri Krushi Udyog Yojana (MKUY),Odisha,state_or_ut,equals,Odisha,VERIFIED,
BALARAM,Odisha,state_or_ut,equals,Odisha,VERIFIED,
Samrudha Krushak Yojana,Odisha,state_or_ut,equals,Odisha,VERIFIED,
Samrudha Krushak Yojana,Odisha,farmer_status,boolean_equals,true,VERIFIED,
Shree Anna Abhiyan,Odisha,state_or_ut,equals,Odisha,VERIFIED,
Shree Anna Abhiyan,Odisha,farmer_status,boolean_equals,true,VERIFIED,
Promotion of Indigenous Aromatic & Non-aromatic Paddy Scheme,Odisha,state_or_ut,equals,Odisha,VERIFIED,
Promotion of Indigenous Aromatic & Non-aromatic Paddy Scheme,Odisha,farmer_status,boolean_equals,true,VERIFIED,
Financial Assistance to Cold Storage Scheme,Odisha,state_or_ut,equals,Odisha,VERIFIED,
Madhu Babu Pension Yojana,Odisha,state_or_ut,equals,Odisha,VERIFIED,
Madhu Babu Pension Yojana,Odisha,age,>=,60,VERIFIED,
Madhu Babu Pension Yojana,Odisha,annual_income,<=,24000,VERIFIED,income_type=FAMILY_ANNUAL
Marriage Incentive for Persons with Disabilities,Odisha,state_or_ut,equals,Odisha,VERIFIED,
Marriage Incentive for Persons with Disabilities,Odisha,disability_status,boolean_equals,true,VERIFIED,
Free Laptop for Visually Impaired Students,Odisha,state_or_ut,equals,Odisha,VERIFIED,
Free Laptop for Visually Impaired Students,Odisha,student_status,boolean_equals,true,VERIFIED,
Banishree Scholarship,Odisha,state_or_ut,equals,Odisha,VERIFIED,
Banishree Scholarship,Odisha,student_status,boolean_equals,true,VERIFIED,
Banishree Scholarship,Odisha,disability_status,boolean_equals,true,VERIFIED,
Bhima Bhoi Bhinnakshyama Samarthya Abhiyan (BBSA),Odisha,state_or_ut,equals,Odisha,VERIFIED,
Bhima Bhoi Bhinnakshyama Samarthya Abhiyan (BBSA),Odisha,disability_status,boolean_equals,true,VERIFIED,
SAHAYA,Odisha,state_or_ut,equals,Odisha,VERIFIED,
DISHAA,Odisha,state_or_ut,equals,Odisha,VERIFIED,
ABADANA,Odisha,state_or_ut,equals,Odisha,VERIFIED,
Sweekruti,Odisha,state_or_ut,equals,Odisha,VERIFIED,
Skill Development Training for PwDs,Odisha,state_or_ut,equals,Odisha,VERIFIED,
Skill Development Training for PwDs,Odisha,disability_status,boolean_equals,true,VERIFIED,
Umbrella Scheme for Rehabilitation of Cured Leprosy Persons,Odisha,state_or_ut,equals,Odisha,VERIFIED,
Annapurna Yojana,West Bengal,state_or_ut,equals,West Bengal,VERIFIED,
Annapurna Yojana,West Bengal,age,>=,25,VERIFIED,
Annapurna Yojana,West Bengal,age,<=,60,VERIFIED,
Annapurna Yojana,West Bengal,gender,equals,FEMALE,VERIFIED,
Banglar Yuba Sathi,West Bengal,state_or_ut,equals,West Bengal,VERIFIED,
Banglar Yuba Sathi,West Bengal,age,>=,21,VERIFIED,
Banglar Yuba Sathi,West Bengal,age,<=,40,VERIFIED,
Student Internship Programme 2024,West Bengal,state_or_ut,equals,West Bengal,VERIFIED,
Student Internship Programme 2024,West Bengal,age,<=,40,VERIFIED,
Student Internship Programme 2024,West Bengal,student_status,boolean_equals,true,VERIFIED,
Aikyashree,West Bengal,state_or_ut,equals,West Bengal,VERIFIED,
Aikyashree,West Bengal,student_status,boolean_equals,true,VERIFIED,
Aikyashree,West Bengal,minority_status,boolean_equals,true,VERIFIED,
Utkarsh Bangla,West Bengal,state_or_ut,equals,West Bengal,VERIFIED,
Bangla Abash Yojana,West Bengal,state_or_ut,equals,West Bengal,VERIFIED,
Karmashree,West Bengal,state_or_ut,equals,West Bengal,VERIFIED,
Karmashree,West Bengal,rural_urban,equals,RURAL,VERIFIED,
Lokprasar Prakalpo,West Bengal,state_or_ut,equals,West Bengal,VERIFIED,
Chaa Sundari Extension Scheme,West Bengal,state_or_ut,equals,West Bengal,VERIFIED,
Swami Vivekananda Merit-cum-Means Scholarship (SVMCM),West Bengal,state_or_ut,equals,West Bengal,VERIFIED,
Swami Vivekananda Merit-cum-Means Scholarship (SVMCM),West Bengal,student_status,boolean_equals,true,VERIFIED,
Sabuj Sathi,West Bengal,state_or_ut,equals,West Bengal,VERIFIED,
Sabuj Sathi,West Bengal,student_status,boolean_equals,true,VERIFIED,
Duare Ration,West Bengal,state_or_ut,equals,West Bengal,VERIFIED,
Samobyathi,West Bengal,state_or_ut,equals,West Bengal,VERIFIED,
Taruner Swapna,West Bengal,state_or_ut,equals,West Bengal,VERIFIED,
Taruner Swapna,West Bengal,annual_income,<=,200000,VERIFIED,income_type=FAMILY_ANNUAL
Taruner Swapna,West Bengal,student_status,boolean_equals,true,VERIFIED,
Bangla Shasya Bima,West Bengal,state_or_ut,equals,West Bengal,VERIFIED,
Bangla Shasya Bima,West Bengal,farmer_status,boolean_equals,true,VERIFIED,
Yogyashree Scheme,West Bengal,state_or_ut,equals,West Bengal,VERIFIED,
Yogyashree Scheme,West Bengal,student_status,boolean_equals,true,VERIFIED,
Khadya Sathi,West Bengal,state_or_ut,equals,West Bengal,VERIFIED,
Lakshmir Bhandar,West Bengal,state_or_ut,equals,West Bengal,VERIFIED,
Lakshmir Bhandar,West Bengal,gender,equals,FEMALE,VERIFIED,
Rupashree Prakalpa,West Bengal,state_or_ut,equals,West Bengal,VERIFIED,
Rupashree Prakalpa,West Bengal,age,>=,18,VERIFIED,
Rupashree Prakalpa,West Bengal,gender,equals,FEMALE,VERIFIED,
Kanyashree Prakalpa,West Bengal,state_or_ut,equals,West Bengal,VERIFIED,
Kanyashree Prakalpa,West Bengal,age,>=,13,VERIFIED,
Kanyashree Prakalpa,West Bengal,gender,equals,FEMALE,VERIFIED,
Kanyashree Prakalpa,West Bengal,student_status,boolean_equals,true,VERIFIED,
